company_name,RAM,ROM,type,height_in,display,battery_power,front_camera,back_camera,height_cm,processor,price
SAMSUNG,12,512,Galaxy Z Fold4 5G,7.6,Full HD+,4400,10,72,19.304,Qualcomm Snapdragon 8+ Gen 1,"₹1,64,999"
SAMSUNG,12,256,Galaxy Z Fold3 5G,7.6,QXGA+,4400,10,36,19.304,Qualcomm Snapdragon 888 Octa-Core,"₹1,61,000"
SAMSUNG,12,256,Galaxy Z Fold4 5G,7.6,Full HD+,4400,10,72,19.304,Qualcomm Snapdragon 8+ Gen 1,"₹1,54,999"
SAMSUNG,12,256,Galaxy Z Fold3 5G,7.6,QXGA+,4400,10,36,19.304,Qualcomm Snapdragon 888 Octa-Core,"₹1,49,999"
SAMSUNG,12,512,Galaxy S22 Ultra 5G,6.8,Quad HD+,5000,40,130,17.272,Octa Core,"₹1,42,999"
SAMSUNG,12,512,Galaxy S23 Ultra 5G,6.8,Quad HD+,5000,12,232,17.272,Qualcomm Snapdragon 8 Gen 2,"₹1,34,999"
SAMSUNG,12,512,Galaxy S23 Ultra 5G,6.8,Quad HD+,5000,12,232,17.272,Qualcomm Snapdragon 8 Gen 2,"₹1,34,999"
SAMSUNG,12,512,Galaxy S23 Ultra 5G,6.8,Quad HD+,5000,12,232,17.272,Qualcomm Snapdragon 8 Gen 2,"₹1,34,999"
SAMSUNG,12,256,Galaxy S23 Ultra 5G,6.8,Quad HD+,5000,12,232,17.272,Qualcomm Snapdragon 8 Gen 2,"₹1,24,999"
SAMSUNG,12,256,Galaxy S23 Ultra 5G,6.8,Quad HD+,5000,12,232,17.272,Qualcomm Snapdragon 8 Gen 2,"₹1,24,999"
SAMSUNG,12,256,Galaxy S23 Ultra 5G,6.8,Quad HD+,5000,12,232,17.272,Qualcomm Snapdragon 8 Gen 2,"₹1,24,999"
SAMSUNG,12,256,Galaxy S23 Ultra 5G,6.8,Quad HD+,5000,12,232,17.272,Qualcomm Snapdragon 8 Gen 2,"₹1,24,999"
SAMSUNG,12,256,Galaxy S22 Ultra 5G,6.8,Quad HD+,5000,40,130,17.272,Octa Core,"₹1,09,999"
SAMSUNG,8,512,Galaxy S23 Plus 5G,6.6,Full HD+,4700,12,72,16.764,Qualcomm Snapdragon 8 Gen 2,"₹1,04,999"
SAMSUNG,8,512,Galaxy S23 Plus 5G,6.6,Full HD+,4700,12,72,16.764,Qualcomm Snapdragon 8 Gen 2,"₹1,04,999"
SAMSUNG,12,512,Galaxy S22 Ultra 5G,6.8,Quad HD+,5000,40,130,17.272,Octa Core,"₹1,04,000"
SAMSUNG,12,256,Galaxy S22 Ultra 5G,6.8,Quad HD+,5000,40,130,17.272,Octa Core,"₹95,000"
SAMSUNG,8,256,Galaxy S23 Plus 5G,6.6,Full HD+,4700,12,72,16.764,Qualcomm Snapdragon 8 Gen 2,"₹94,999"
SAMSUNG,8,256,Galaxy S23 Plus 5G,6.6,Full HD+,4700,12,72,16.764,Qualcomm Snapdragon 8 Gen 2,"₹94,999"
SAMSUNG,8,256,Galaxy Z Flip4 5G,6.7,Full HD+,3700,10,24,17.018,Qualcomm Snapdragon 8+ Gen 1,"₹94,999"
SAMSUNG,12,256,Galaxy S22 Ultra 5G,6.8,Quad HD+,5000,40,130,17.272,Octa Core,"₹94,999"
SAMSUNG,8,256,Galaxy Z Flip4 5G,6.7,Full HD+,3700,10,34,17.018,Qualcomm Snapdragon 8+ Gen 1,"₹94,999"
SAMSUNG,8,256,Galaxy Z Flip4 5G,6.7,Full HD+,3700,10,24,17.018,Qualcomm Snapdragon 8+ Gen 1,"₹94,999"
SAMSUNG,12,256,Galaxy S22 Ultra 5G,6.8,Quad HD+,5000,40,130,17.272,Octa Core,"₹94,500"
SAMSUNG,12,256,Galaxy S22 Ultra 5G,6.8,Quad HD+,5000,40,130,17.272,Octa Core,"₹91,989"
OPPO,8,256,Find N2 Flip,6.8,Full HD+,4300,32,58,17.272,Mediatek Dimensity 9000+,"₹89,999"
SAMSUNG,8,128,Galaxy Z Flip4 5G,6.7,Full HD+,3700,10,24,17.018,Qualcomm Snapdragon 8+ Gen 1,"₹89,999"
SAMSUNG,8,128,Galaxy Z Flip4 5G,6.7,Full HD+,3700,10,24,17.018,Qualcomm Snapdragon 8+ Gen 1,"₹89,999"
SAMSUNG,8,256,Galaxy S22 Plus 5G,6.6,Full HD+,4500,10,72,16.764,Qualcomm Snapdragon 8 Gen 1,"₹88,999"
SAMSUNG,8,256,Galaxy Note 20,6.7,Full HD+,4300,10,88,17.018,Exynos Octa Core,"₹86,000"
SAMSUNG,8,128,Galaxy S22 5G,6.1,Normal,3700,50,50,15.494,,"₹85,999"
vivo,12,256,X90 Pro,6.78,Full HD+,4870,32,112,17.2212,Dimensity 9200,"₹84,999"
SAMSUNG,8,256,Galaxy S22 5G,6.1,Full HD+,3700,10,72,15.494,Octa Core,"₹80,999"
SAMSUNG,8,256,Galaxy S23 5G,6.1,Full HD+,3900,12,72,15.494,Qualcomm Snapdragon 8 Gen 2,"₹79,999"
SAMSUNG,8,256,Galaxy S23 5G,6.1,Full HD+,3900,12,72,15.494,Qualcomm Snapdragon 8 Gen 2,"₹79,999"
SAMSUNG,8,256,Galaxy S23 5G,6.1,Full HD+,3900,12,72,15.494,Qualcomm Snapdragon 8 Gen 2,"₹79,999"
SAMSUNG,8,256,Galaxy S23 5G,6.1,Full HD+,3900,12,72,15.494,Qualcomm Snapdragon 8 Gen 2,"₹79,999"
SAMSUNG,8,256,Galaxy S23 5G,6.1,Full HD+,3900,12,72,15.494,Qualcomm Snapdragon 8 Gen 2,"₹79,999"
SAMSUNG,8,256,Galaxy S23 5G,6.1,Full HD+,3900,12,72,15.494,Qualcomm Snapdragon 8 Gen 2,"₹79,999"
Google,12,128,Pixel 7 Pro,6.7,Quad HD+,4926,10,110,17.018,Google Tensor G2,"₹75,999"
Google,12,128,Pixel 7 Pro,6.7,Quad HD+,4926,10,110,17.018,Google Tensor G2,"₹75,999"
Google,12,128,Pixel 7 Pro,6.7,Quad HD+,4926,10,110,17.018,Google Tensor G2,"₹75,999"
SAMSUNG,8,128,Galaxy S23 5G,6.1,Full HD+,3900,12,72,15.494,Qualcomm Snapdragon 8 Gen 2,"₹74,999"
SAMSUNG,8,128,Galaxy S20 FE,6.5,Full HD+,4500,32,32,16.51,Exynos Octa Core,"₹74,999"
SAMSUNG,8,128,Galaxy S23 5G,6.1,Full HD+,3900,12,72,15.494,Qualcomm Snapdragon 8 Gen 2,"₹74,999"
SAMSUNG,8,256,Galaxy S22 5G,6.1,Full HD+,3700,10,72,15.494,Octa Core,"₹72,999"
SAMSUNG,8,256,Galaxy S22 5G,6.1,Full HD+,3700,10,72,15.494,Octa Core,"₹72,999"
SAMSUNG,8,128,Galaxy S22 5G,6.1,Full HD+,3700,10,72,15.494,Octa Core,"₹72,990"
SAMSUNG,8,256,Galaxy S22 5G,6.1,Normal,3700,50,50,15.494,,"₹70,999"
SAMSUNG,8,128,Galaxy S23 5G,6.1,Full HD+,3900,12,72,15.494,Qualcomm Snapdragon 8 Gen 2,"₹69,999"
OnePlus,12,256,10 Pro 5G,6.7,Normal,5000,48,48,17.018,,"₹69,990"
OnePlus,12,256,10 Pro 5G,6.7,Normal,5000,48,48,17.018,,"₹69,990"
SAMSUNG,8,128,Galaxy S22 5G,6.58,Normal,4400,64,64,16.7132,,"₹65,999"
SAMSUNG,8,256,Galaxy S22 5G,6.1,Normal,3700,50,50,15.494,,"₹65,999"
SAMSUNG,8,256,Galaxy S22 5G,6.1,Normal,3700,50,50,15.494,,"₹65,999"
vivo,12,256,X90,6.78,Full HD+,4810,32,74,17.2212,Dimensity 9200,"₹63,999"
vivo,12,256,X90,6.78,Full HD+,4810,32,74,17.2212,Dimensity 9200,"₹63,999"
SAMSUNG,4,64,Galaxy S9,5.8,Quad HD+,3000,12,12,14.732,Exynos 9810,"₹62,500"
OnePlus,16,256,11 5G,6.7,Normal,5000,50,50,17.018,,"₹60,990"
vivo,8,256,X90,6.78,Full HD+,4810,32,74,17.2212,Dimensity 9200,"₹59,999"
vivo,8,256,X90,6.78,Full HD+,4810,32,74,17.2212,Dimensity 9200,"₹59,999"
vivo,12,256,X70 Pro+,6.78,Normal,4500,32,118,17.2212,Qualcomm Snapdragon 888+ 5G,"₹59,999"
vivo,8,256,X90,6.78,Full HD+,4810,32,74,17.2212,Dimensity 9200,"₹59,999"
vivo,8,256,X90,6.78,Full HD+,4810,32,74,17.2212,Dimensity 9200,"₹59,999"
OnePlus,8,128,9 Pro 5G,6.7,Normal,4500,48,48,17.018,,"₹59,999"
OnePlus,16,256,11 5G,6.7,Normal,5000,50,50,17.018,,"₹59,990"
IQOO,16,256,11 5G,6.78,Full HD+,5000,16,121,17.2212,Snapdragon 8 Gen 2,"₹59,990"
realme,12,256,GT 2 Pro,6.7,Normal,5000,32,112,17.018,Qualcomm Snapdragon 8 Gen 1,"₹57,999"
realme,12,256,GT 2 Pro,6.7,Normal,5000,32,112,17.018,Qualcomm Snapdragon 8 Gen 1,"₹57,999"
realme,12,256,GT 2 Pro,6.7,Normal,5000,32,112,17.018,Qualcomm Snapdragon 8 Gen 1,"₹57,999"
ASUS,12,256,ROG 5s,6.78,Full HD+,6000,24,82,17.2212,Qualcomm Snapdragon 888 Plus (SM8350),"₹57,999"
OnePlus,8,128,11 5G,6.7,Normal,5000,50,50,17.018,,"₹56,999"
Nokia,6,128,9,5.99,Quad HD+,3320,20,60,15.2146,Qualcomm Snapdragon 845,"₹56,299"
OnePlus,16,256,10T 5G,6.7,Normal,4800,50,50,17.018,,"₹55,999"
OnePlus,8,128,11 5G,6.7,Normal,5000,50,50,17.018,,"₹55,945"
OnePlus,8,128,10 Pro 5G,6.7,Normal,5000,48,48,17.018,,"₹55,900"
vivo,12,256,X60 Pro+,6.56,Full HD+,4200,32,138,16.6624,Qualcomm Snapdragon 888,"₹54,999"
vivo,8,128,X80,6.78,Full HD+,4500,32,74,17.2212,Mediatek Dimensity 9000,"₹54,999"
SAMSUNG,8,128,Galaxy S22 Plus 5G,6.6,Full HD+,4500,10,72,16.764,Qualcomm Snapdragon 8 Gen 1,"₹54,999"
vivo,8,128,X80,6.78,Full HD+,4500,32,74,17.2212,Mediatek Dimensity 9000,"₹54,999"
SAMSUNG,8,128,Galaxy S22 Plus 5G,6.6,Full HD+,4500,10,72,16.764,Qualcomm Snapdragon 8 Gen 1,"₹54,999"
SAMSUNG,8,128,Galaxy S22 Plus 5G,6.6,Full HD+,4500,10,72,16.764,Qualcomm Snapdragon 8 Gen 1,"₹54,999"
Google,8,128,Pixel 7,6.3,Full HD+,4270,10,62,16.002,Google Tensor G2,"₹53,999"
Google,8,128,Pixel 7,6.3,Full HD+,4270,10,62,16.002,Google Tensor G2,"₹53,999"
Google,8,128,Pixel 7,6.3,Full HD+,4270,10,62,16.002,Google Tensor G2,"₹53,999"
OnePlus,12,256,10T 5G,6.7,Normal,4800,50,50,17.018,,"₹53,990"
OnePlus,8,128,10 Pro 5G,6.7,Normal,5000,48,48,17.018,,"₹52,999"
OnePlus,8,256,9RT 5G,6.62,Normal,4500,48,48,16.8148,,"₹50,999"
SAMSUNG,8,128,Galaxy S22 5G,6.1,Normal,3700,50,50,15.494,,"₹50,990"
SAMSUNG,8,128,Galaxy S22 5G,6.1,Full HD+,3700,10,72,15.494,Octa Core,"₹50,490"
SAMSUNG,8,128,Galaxy S20 FE,6.5,Full HD+,4500,32,22,16.51,Exynos Octa Core,"₹50,010"
realme,8,128,GT 2 Pro,6.7,Normal,5000,32,134,17.018,Qualcomm Snapdragon 8 Gen 1,"₹49,999"
realme,8,128,GT 2 Pro,6.7,Normal,5000,32,112,17.018,Qualcomm Snapdragon 8 Gen 1,"₹49,999"
MOTOROLA,12,256,Edge 30 Ultra,6.67,Full HD+,4610,60,262,16.9418,Qualcomm Snapdragon 8+ Gen 1,"₹49,999"
realme,8,128,GT 2 Pro,6.7,Normal,5000,32,112,17.018,Qualcomm Snapdragon 8 Gen 1,"₹49,999"
MOTOROLA,12,256,Edge 30 Ultra,6.67,Full HD+,4610,60,262,16.9418,Qualcomm Snapdragon 8+ Gen 1,"₹49,999"
ASUS,8,128,ROG Phone 5,6.78,Full HD+,6000,24,82,17.2212,Qualcomm Snapdragon 888 (SM8350),"₹49,999"
SAMSUNG,8,128,Galaxy S22 5G,6.1,Normal,3700,50,50,15.494,,"₹49,990"
SAMSUNG,8,128,Galaxy S22 5G,6.1,Normal,3700,50,50,15.494,,"₹49,499"
IQOO,8,128,9T 5G,6.78,Normal,4700,50,50,17.2212,,"₹49,499"
IQOO,8,128,9T 5G,6.78,Normal,4700,50,50,17.2212,,"₹49,499"
SAMSUNG,8,128,Galaxy S22 5G,6.1,Full HD+,3700,10,72,15.494,Octa Core,"₹49,489"
Mi,8,128,10T Pro,6.67,Full HD+,5000,20,126,16.9418,Qualcomm Snapdragon 865,"₹47,999"
realme,12,256,X50 Pro,6.44,Full HD+,4200,40,86,16.3576,5G PhoneQualcomm Snapdragon 865,"₹47,999"
realme,12,256,X50 Pro 5G,6.44,Full HD+,4200,40,86,16.3576,5G PhoneQualcomm Snapdragon 865,"₹47,999"
Xiaomi,12,256,12 Pro 5G,6.73,Full HD+,4600,50,50,17.0942,Snapdragon 8 Gen 1,"₹47,999"
Xiaomi,12,256,12 Pro 5G,6.73,Full HD+,4600,50,50,17.0942,Snapdragon 8 Gen 1,"₹46,990"
IQOO,8,256,9 Pro 5G,6.78,Full HD+,4700,16,116,17.2212,Snapdragon8 Gen 1 Mobile,"₹46,540"
Xiaomi,12,256,12 Pro 5G,6.73,Full HD+,4600,50,50,17.0942,Snapdragon 8 Gen 1,"₹46,499"
OPPO,12,256,Reno8 Pro 5G,6.7,Full HD+,4500,32,60,17.018,Mediatek Dimensity 8100 Max,"₹45,999"
MOTOROLA,8,128,Edge 30 Ultra,6.67,Full HD+,4610,60,262,16.9418,Qualcomm Snapdragon 8+ Gen 1,"₹44,999"
SAMSUNG,8,128,Galaxy Z Flip3 5G,6.7,Full HD+,3300,10,24,17.018,Qualcomm Snapdragon 888 Octa-Core,"₹44,999"
SAMSUNG,8,128,Galaxy Z Flip3 5G,6.7,Full HD+,3300,10,24,17.018,Qualcomm Snapdragon 888 Octa-Core,"₹44,999"
OnePlus,8,128,10T 5G,6.7,Normal,4800,50,50,17.018,,"₹44,999"
MOTOROLA,8,128,Edge 30 Ultra,6.67,Full HD+,4610,60,262,16.9418,Qualcomm Snapdragon 8+ Gen 1,"₹44,999"
OnePlus,12,256,9 5G,6.55,Normal,4500,48,48,16.637,,"₹44,890"
OnePlus,16,256,11R 5G,6.7,Normal,5000,50,50,17.018,,"₹44,178"
OnePlus,16,256,11R 5G,6.7,Normal,5000,50,50,17.018,,"₹44,164"
Google,8,128,Pixel 7a,6.1,Full HD+,4300,13,77,15.494,Tensor G2,"₹43,999"
Google,8,128,Pixel 7a,6.1,Full HD+,4300,13,77,15.494,Tensor G2,"₹43,999"
Google,8,128,Pixel 7a,6.1,Full HD+,4300,13,77,15.494,Tensor G2,"₹43,999"
vivo,12,256,V23 Pro 5G,6.56,Full HD+,4300,58,118,16.6624,Mediatek Dimensity 1200,"₹43,990"
Xiaomi,8,256,12 Pro 5G,6.73,Full HD+,4600,50,50,17.0942,Snapdragon 8 Gen 1,"₹43,980"
OnePlus,8,128,10T 5G,6.7,Normal,4800,50,50,17.018,,"₹43,899"
vivo,12,256,V27 Pro 5G,6.78,Full HD+,4600,50,60,17.2212,Mediatek Dimensity 8200,"₹42,999"
vivo,12,256,V27 5G,6.78,Full HD+,4600,50,60,,Mediatek Dimensity 7200 5G,"₹42,999"
realme,12,256,GT NEO 3,6.7,Full HD+,4500,16,60,17.018,Mediatek Dimensity 8100,"₹42,999"
realme,12,256,GT NEO 3,6.7,Full HD+,4500,16,60,17.018,Mediatek Dimensity 8100,"₹42,999"
OnePlus,8,128,9RT 5G,6.62,Normal,4500,50,50,16.8148,,"₹42,999"
realme,12,256,GT Neo 3,6.7,Full HD+,4500,16,60,17.018,Mediatek Dimensity 8100,"₹42,999"
realme,12,256,GT NEO 3,6.7,Full HD+,4500,16,60,17.018,Mediatek Dimensity 8100,"₹42,999"
Xiaomi,8,256,12 Pro 5G,6.73,Full HD+,4600,50,50,17.0942,Snapdragon 8 Gen 1,"₹42,975"
Xiaomi,8,256,12 Pro 5G,6.73,Full HD+,4600,50,50,17.0942,Snapdragon 8 Gen 1,"₹42,975"
SAMSUNG,8,128,Galaxy A73 5G,6.7,Full HD+,5000,32,130,17.018,Qualcomm Snapdragon 778G,"₹41,999"
SAMSUNG,8,128,Galaxy A73 5G,6.7,Full HD+,5000,32,130,17.018,Qualcomm Snapdragon 778G,"₹41,999"
realme,8,128,X50 Pro,6.44,Full HD+,4200,40,86,16.3576,5G PhoneQualcomm Snapdragon 865,"₹41,999"
SAMSUNG,8,128,Galaxy A73 5G,6.7,Full HD+,5000,32,130,17.018,Qualcomm Snapdragon 778G,"₹41,999"
SAMSUNG,8,128,Galaxy A73 5G,6.7,Full HD+,5000,32,130,17.018,Qualcomm Snapdragon 778G,"₹41,999"
realme,8,128,X50 Pro,6.44,Full HD+,4200,40,86,16.3576,5G PhoneQualcomm Snapdragon 865,"₹41,999"
realme,8,128,X50 Pro,6.44,Full HD+,4200,40,86,16.3576,5G PhoneQualcomm Snapdragon 865,"₹41,999"
SAMSUNG,8,128,Galaxy A73 5G,6.7,Full HD+,5000,32,130,17.018,Qualcomm Snapdragon 778G,"₹41,999"
OnePlus,12,256,9RT 5G,6.62,Normal,4500,50,50,16.8148,,"₹41,990"
SAMSUNG,8,256,Galaxy A73 5G,6.7,Full HD+,5000,32,130,17.018,Qualcomm Snapdragon 778G,"₹41,490"
SAMSUNG,8,256,Galaxy A54 5G,6.4,Full HD+,5000,32,67,16.256,"Exynos 1380, Octa Core","₹40,999"
ASUS,8,128,ROG Phone II,6.59,Full HD+,6000,24,61,16.7386,Qualcomm Snapdragon 855 Plus,"₹40,999"
SAMSUNG,8,256,Galaxy A54 5G,6.4,Full HD+,5000,32,67,16.256,"Exynos 1380, Octa Core","₹40,999"
SAMSUNG,8,256,Galaxy A54 5G,6.4,Full HD+,5000,32,67,16.256,"Exynos 1380, Octa Core","₹40,999"
SAMSUNG,8,128,A52s,6.5,Normal,4500,64,64,16.51,,"₹40,999"
SAMSUNG,8,128,A52s,6.5,Normal,4500,64,64,16.51,,"₹40,999"
OnePlus,12,256,9 5G,6.62,Normal,4500,48,48,16.8148,,"₹40,990"
SAMSUNG,8,128,Galaxy A54 5G,6.4,Full HD+,5000,32,67,16.256,"Exynos 1380, Octa Core","₹40,250"
vivo,8,256,V27 Pro 5G,6.78,Full HD+,4600,50,60,17.2212,Mediatek Dimensity 8200,"₹39,999"
vivo,8,256,V27 Pro 5G,6.78,Full HD+,4600,50,60,17.2212,Mediatek Dimensity 8200,"₹39,999"
ASUS,8,128,ROG 5s,6.78,Full HD+,6000,24,82,17.2212,Qualcomm Snapdragon 888 Plus (SM8350),"₹39,999"
SAMSUNG,8,128,Galaxy S21 FE 5G,6.4,Full HD+,4500,32,32,16.256,,"₹39,999"
SAMSUNG,8,128,Galaxy S21 FE 5G,6.4,Full HD+,4500,32,32,16.256,,"₹39,999"
SAMSUNG,8,128,Galaxy S21 FE 5G,6.4,Full HD+,4500,32,32,16.256,,"₹39,999"
SAMSUNG,8,128,Galaxy S21 FE 5G,6.4,Full HD+,4500,32,32,16.256,,"₹39,999"
Lenovo,8,128,Z6 Pro,6.39,Full HD+,4000,32,74,16.2306,Qualcomm SDM855,"₹39,999"
OnePlus,12,256,10R,6.7,Normal,5000,50,50,17.018,,"₹39,900"
OnePlus,8,128,11R 5G,6.7,Normal,5000,50,50,17.018,,"₹39,598"
OnePlus,8,128,11R 5G,6.7,Normal,5000,50,50,17.018,,"₹39,499"
OnePlus,8,128,11R 5G,6.7,Normal,5000,50,50,17.018,,"₹39,165"
vivo,12,256,V27 5G,6.78,Full HD+,4600,50,60,,Mediatek Dimensity 7200 5G,"₹38,999"
realme,8,256,GT Neo 3,6.7,Full HD+,5000,16,60,17.018,Mediatek Dimensity 8100,"₹38,999"
SAMSUNG,6,128,A52s 5G,6.5,Normal,4500,64,64,16.51,,"₹38,999"
realme,8,256,GT Neo 3,6.7,Full HD+,5000,16,60,17.018,Mediatek Dimensity 8100,"₹38,999"
realme,8,256,GT Neo 3,6.7,Full HD+,5000,16,60,17.018,Mediatek Dimensity 8100,"₹38,999"
realme,12,256,GT 2,6.62,Full HD+,5000,16,60,16.8148,Qualcomm Snapdragon 888,"₹38,999"
vivo,8,128,V23 Pro 5G,6.56,Full HD+,4300,58,118,16.6624,Mediatek Dimensity 1200,"₹38,990"
SAMSUNG,8,128,Galaxy A52s 5G,6.5,Full HD+,4500,34,86,16.51,Qualcomm Snapdragon 778G,"₹37,999"
vivo,8,128,V27 Pro 5G,6.78,Full HD+,4600,50,60,17.2212,Mediatek Dimensity 8200,"₹37,999"
vivo,8,128,V27 Pro 5G,6.78,Full HD+,4600,50,60,17.2212,Mediatek Dimensity 8200,"₹37,999"
SAMSUNG,6,128,Galaxy A52s 5G,6.5,Full HD+,4500,32,86,16.51,Qualcomm Snapdragon 778G,"₹37,999"
MOTOROLA,8,128,Edge 30 Fusion,6.55,Full HD+,4400,32,70,16.637,Qualcomm Snapdragon 888 +,"₹37,999"
SAMSUNG,8,128,Galaxy A52s 5G,6.5,Full HD+,4500,32,86,16.51,Qualcomm Snapdragon 778G,"₹37,999"
MOTOROLA,8,128,Edge 30 Fusion,6.55,Full HD+,4400,32,70,16.637,Qualcomm Snapdragon 888 +,"₹37,999"
realme,8,128,GT 5G,6.43,Full HD+,4500,16,74,16.3322,Qualcomm Snapdragon 888,"₹37,999"
realme,8,128,GT 5G,6.43,Full HD+,4500,16,74,16.3322,Qualcomm Snapdragon 888,"₹37,999"
SAMSUNG,8,128,Galaxy A52s 5G,6.5,Full HD+,4500,32,86,16.51,Qualcomm Snapdragon 778G,"₹37,999"
MOTOROLA,8,128,Edge 30 Fusion,6.55,Full HD+,4400,32,70,16.637,Qualcomm Snapdragon 888 +,"₹37,999"
OnePlus,8,128,9RT 5G,6.62,Normal,4500,50,50,16.8148,,"₹36,999"
vivo,12,256,V27 5G,6.78,Full HD+,4600,50,60,,Mediatek Dimensity 7200 5G,"₹36,999"
realme,8,128,GT Neo 3,6.7,Full HD+,5000,16,60,17.018,Mediatek Dimensity 8100,"₹36,999"
realme,8,128,GT Neo 3,6.7,Full HD+,5000,16,60,17.018,Mediatek Dimensity 8100,"₹36,999"
realme,8,128,GT Neo 3,6.7,Full HD+,5000,16,60,17.018,Mediatek Dimensity 8100,"₹36,999"
vivo,6,128,X21,6.28,Full HD+,3200,12,17,15.9512,Qualcomm Snapdragon 660 AIE,"₹36,990"
OnePlus,12,256,10R 5G,6.7,Normal,4500,50,50,17.018,,"₹36,890"
OnePlus,12,256,10R 5G,6.7,Normal,5000,50,50,17.018,,"₹36,499"
OnePlus,12,256,10R 5G,6.7,Normal,5000,50,50,17.018,,"₹36,499"
OnePlus,12,256,10R 5G,6.7,Normal,5000,50,50,17.018,,"₹36,350"
ASUS,6,128,ZenFone 5Z,6.2,Full HD+,3300,8,20,15.748,Qualcomm Snapdragon 845 Octa Core,"₹36,299"
realme,12,256,X2 Pro,6.5,Full HD+,4000,16,87,16.51,Qualcomm Snapdragon 855 Plus,"₹35,999"
vivo,8,128,V25 Pro 5G,6.56,Full HD+,4830,32,74,16.6624,Mediatek Dimensity 1300,"₹35,999"
vivo,8,128,V25 Pro 5G,6.56,Full HD+,4830,32,74,16.6624,Mediatek Dimensity 1300,"₹35,999"
ASUS,6,64,6Z,6.39,Full HD+,5000,61,61,16.2306,Qualcomm SD 855,"₹35,999"
realme,12,256,GT NEO 2,6.62,Full HD+,5000,16,74,16.8148,Qualcomm Snapdragon 870,"₹35,999"
realme,12,256,GT NEO 2,6.62,Full HD+,5000,16,74,16.8148,Qualcomm Snapdragon 870,"₹35,999"
OPPO,8,256,Reno3 Pro,6.4,Normal,4025,46,87,16.256,MediaTek Helio P95,"₹35,990"
OnePlus,12,256,10R 5G,6.7,Normal,5000,50,50,17.018,,"₹35,979"
Xiaomi,12,256,11T Pro 5G Hyperphone,6.67,Normal,5000,108,108,16.9418,,"₹35,490"
realme,8,128,GT 2,6.62,Full HD+,5000,16,60,16.8148,Qualcomm Snapdragon 888,"₹34,999"
realme,8,128,GT 2,6.62,Full HD+,5000,16,60,16.8148,Qualcomm Snapdragon 888,"₹34,999"
POCO,8,128,F3 GT 5G,6.67,Full HD+,5065,16,74,16.9418,MediaTek Dimensity 1200,"₹34,999"
realme,8,128,GT 2,6.62,Full HD+,5000,16,60,16.8148,Qualcomm Snapdragon 888,"₹34,999"
realme,12,256,X3 SuperZoom,6.57,Full HD+,4200,40,82,16.6878,Qualcomm Snapdragon 855+,"₹34,999"
realme,12,256,X3 SuperZoom,6.57,Full HD+,4200,40,82,16.6878,Qualcomm Snapdragon 855+,"₹34,999"
SAMSUNG,8,128,Galaxy M52 5G,6.7,Normal,5000,32,32,17.018,,"₹34,999"
Mi,8,128,11X Pro 5G,6.67,Full HD+,4520,20,121,16.9418,Qualcomm Snapdragon 888,"₹34,999"
MOTOROLA,8,128,Edge 30 Pro,6.417,Full HD+,4800,60,102,16.29918,Qualcomm Snapdragon 8 Gen 1,"₹34,999"
OnePlus,8,128,9 5G,6.55,Normal,4500,48,48,16.637,,"₹34,990"
vivo,12,256,V23 5G,6.44,Full HD+,4200,58,74,16.3576,Mediatek Dimensity 920,"₹34,990"
vivo,8,128,V15 Pro,6.39,Full HD+,3700,48,73,16.2306,Qualcomm Snapdragon 675AIE Octa Core,"₹34,990"
IQOO,12,256,Neo 7 5G,6.78,Normal,5000,64,64,17.2212,,"₹34,500"
vivo,12,256,V25 Pro 5G,6.56,Full HD+,4830,32,74,16.6624,Mediatek Dimensity 1300,"₹34,299"
IQOO,12,256,Neo 7 5G,6.78,Normal,5000,64,64,17.2212,,"₹34,200"
POCO,12,256,F4 5G,6.67,Full HD+,4500,20,74,16.9418,Qualcomm Snapdragon 870,"₹33,999"
Mi,6,128,11X,6.67,Full HD+,4520,20,61,16.9418,Qualcomm Snapdragon 870,"₹33,999"
OnePlus,8,128,9 5G,6.55,Normal,4500,48,48,16.637,,"₹33,921"
Mi,6,128,11X,6.67,Full HD+,4520,20,61,16.9418,Qualcomm Snapdragon 870,"₹33,999"
POCO,12,256,F4 5G,6.67,Full HD+,4500,20,74,16.9418,Qualcomm Snapdragon 870,"₹33,999"
OnePlus,8,128,9 5G,6.55,Normal,4500,48,48,16.637,,"₹33,921"
IQOO,12,256,Neo 6 5G,6.62,Normal,4700,64,64,16.8148,,"₹33,092"
SAMSUNG,6,128,Galaxy A52s 5G,6.5,Full HD+,4500,32,86,16.51,Qualcomm Snapdragon 778G,"₹32,999"
vivo,8,128,V27 5G,6.78,Full HD+,4600,50,60,,Mediatek Dimensity 7200 5G,"₹32,999"
vivo,8,128,V27 5G,6.78,Full HD+,4600,50,60,,Mediatek Dimensity 7200 5G,"₹32,999"
POCO,6,128,F3 GT 5G,6.67,Full HD+,5065,16,74,16.9418,MediaTek Dimensity 1200,"₹32,999"
REDMI,12,256,Note 12 Pro+ 5G,6.67,Full HD+,4980,16,210,16.9418,Mediatek Dimensity 1080,"₹32,999"
SAMSUNG,8,256,Galaxy A34 5G,6.6,Full HD+,5000,13,61,16.764, Octa Core,"₹32,999"
REDMI,12,256,Note 12 Pro+ 5G,6.67,Full HD+,4980,16,210,16.9418,Mediatek Dimensity 1080,"₹32,999"
SAMSUNG,8,256,Galaxy A34 5G,6.6,Full HD+,5000,13,61,16.764,Octa Core,"₹32,999"
POCO,6,128,F3 GT 5G,6.67,Full HD+,5065,16,74,16.9418,MediaTek Dimensity 1200,"₹32,999"
REDMI,12,256,Note 12 Pro+ 5G,6.67,Full HD+,4980,16,210,16.9418,Mediatek Dimensity 1080,"₹32,999"
vivo,6,128,V15 Pro,6.39,Full HD+,3700,32,61,16.2306,Qualcomm Snapdragon 675AIE Octa Core,"₹32,990"
OPPO,8,128,Reno3 Pro,6.4,Normal,4025,46,87,16.256,MediaTek Helio P95,"₹32,990"
vivo,8,256,V21 5G,6.44,Full HD+,4000,44,74,16.3576,MediaTek Dimensity 800U,"₹32,990"
vivo,6,128,V15 Pro,6.39,Full HD+,3700,74,73,16.2306,Qualcomm Snapdragon 675AIE Octa Core,"₹32,990"
vivo,8,128,V17Pro,6.44,Full HD+,4100,40,73,16.3576,Qualcomm Snapdragon 675 AIE,"₹32,990"
vivo,8,128,V25 Pro 5G,6.56,Full HD+,4830,32,74,16.6624,Mediatek Dimensity 1300,"₹32,980"
IQOO,12,256,Neo 6 5G,6.62,Normal,4700,64,64,16.8148,,"₹32,928"
SAMSUNG,8,128,Galaxy A52s 5G,6.5,Normal,4500,64,64,16.51,,"₹32,899"
Nothing,8,256,Phone,6.55,Full HD+,4500,16,100,16.637,Qualcomm Snapdragon 778G+,"₹32,499"
Xiaomi,8,256,11T Pro 5G Hyperphone,6.67,Normal,5000,108,108,16.9418,,"₹32,499"
Nothing,8,256,Phone,6.55,Full HD+,4500,16,100,16.637,Qualcomm Snapdragon 778G+,"₹31,999"
realme,8,128,X2 Pro,6.5,Full HD+,4000,16,87,16.51,Qualcomm Snapdragon 855 Plus,"₹31,999"
SAMSUNG,6,128,Galaxy A53,6.5,Full HD+,5000,32,86,16.51,Exynos Octa Core,"₹31,999"
Redmi,8,256,K20 Pro,6.39,Full HD+,4000,20,69,16.2306,Qualcomm Snapdragon 855,"₹31,999"
OnePlus,8,128,10R 5G,6.7,Normal,5000,,NAN,17.018,,"₹31,999"
realme,8,128,GT NEO 2,6.62,Full HD+,5000,16,74,16.8148,Qualcomm Snapdragon 870,"₹31,999"
realme,8,128,GT NEO 2,6.62,Full HD+,5000,16,74,16.8148,Qualcomm Snapdragon 870,"₹31,999"
OPPO,8,128,F21 Pro 5G,6.43,Normal,4500,64,64,16.3322,,"₹31,999"
Xiaomi,8,256,11T Pro 5G Hyperphone,6.67,Normal,5000,108,108,16.9418,,"₹31,999"
Redmi,8,256,K20 Pro,6.39,Full HD+,4000,20,69,16.2306,Qualcomm Snapdragon 855,"₹31,999"
realme,8,256,X3 SuperZoom,6.57,Full HD+,4200,40,82,16.6878,Qualcomm Snapdragon 855+,"₹31,999"
realme,8,256,X3 SuperZoom,6.57,Full HD+,4200,40,82,16.6878,Qualcomm Snapdragon 855+,"₹31,999"
SAMSUNG,8,128,Galaxy S20 FE,6.5,Full HD+,4500,32,32,16.51,Exynos Octa Core,"₹31,990"
OnePlus,8,128,10R,6.7,Normal,5000,50,50,17.018,,"₹31,948"
OnePlus,8,128,10R,6.7,Normal,5000,50,50,17.018,,"₹31,749"
OnePlus,8,128,10R,6.7,Normal,5000,50,50,17.018,,"₹31,480"
OnePlus,8,128,10R,6.7,Normal,5000,50,50,17.018,,"₹31,477"
IQOO,12,256,NEO 6,6.62,Normal,4700,64,64,16.8148,,"₹31,246"
vivo,8,128,V25 Pro 5G,6.56,Full HD+,4830,32,74,16.6624,Mediatek Dimensity 1300,"₹31,110"
SAMSUNG,8,128,Galaxy A34 5G,6.6,Full HD+,5000,13,69,16.764, Octa Core,"₹30,999"
SAMSUNG,8,128,Galaxy A34 5G,6.6,Full HD+,5000,13,69,16.764, Octa Core,"₹30,999"
IQOO,8,128,9 SE 5G,6.62,Normal,4500,48,48,16.8148,,"₹30,990"
SAMSUNG,8,128,Galaxy A34 5G,6.6,Full HD+,5000,13,69,16.764, Octa Core,"₹30,990"
OPPO,4,64,F3 Plus,6,Normal,4000,16,16,15.24,Qualcomm MSM8976 Pro Snapdragon 653,"₹30,990"
vivo,8,128,V19,6.44,Full HD+,4500,40,60,16.3576,Qualcomm Snapdragon 712 AIE,"₹30,990"
IQOO,8,128,Neo 7 5G,6.78,Normal,5000,64,64,17.2212,,"₹30,975"
SAMSUNG,6,128,Galaxy A34 5G,6.6,Full HD+,5000,13,69,16.764,Octa Core,"₹30,299"
SAMSUNG,6,128,Galaxy A34 5G,6.6,Full HD+,5000,13,69,16.764, Octa Core,"₹30,299"
SAMSUNG,6,128,Galaxy A34 5G,6.6,Full HD+,5000,13,69,16.764, Octa Core,"₹30,200"
OPPO,8,128,Reno8 5G,6.43,Normal,4500,32,60,16.3322,Mediatek Dimensity 1300,"₹29,999"
OPPO,8,128,Reno8 5G,6.43,Normal,4500,32,60,16.3322,Mediatek Dimensity 1300,"₹29,999"
realme,8,128,X7 Pro 5G,6.55,Full HD+,4500,32,76,16.637,MediaTek Dimensity 1000 Plus,"₹29,999"
REDMI,8,256,Note 12 Pro+ 5G,6.67,Full HD+,4980,16,210,16.9418,Mediatek Dimensity 1080,"₹29,999"
realme,8,256,GT Master Edition,6.43,Full HD+,4300,32,74,16.3322,Qualcomm Snapdragon 778G,"₹29,999"
realme,8,128,X7 Pro 5G,6.55,Full HD+,4500,32,76,16.637,MediaTek Dimensity 1000 Plus,"₹29,999"
realme,8,256,GT Master Edition,6.43,Full HD+,4300,32,74,16.3322,Qualcomm Snapdragon 778G,"₹29,999"
Nothing,8,128,Phone,6.55,Full HD+,4500,16,100,16.637,Qualcomm Snapdragon 778G+,"₹29,999"
Infinix,8,256,Zero Ultra,6.8,Full HD+,4500,32,215,17.272,Mediatek Dimensity 920,"₹29,999"
POCO,8,256,F5 5G,6.67,Full HD+,5000,16,74,16.9418,Qualcomm Snapdragon 7+ Gen 2 (4nm),"₹29,999"
realme,8,128,X3 SuperZoom,6.57,Full HD+,4200,40,82,16.6878,Qualcomm Snapdragon 855+,"₹29,999"
Infinix,8,256,Zero Ultra,6.8,Full HD+,4500,32,215,17.272,Mediatek Dimensity 920,"₹29,999"
REDMI,8,256,Note 12 Pro+ 5G,6.67,Full HD+,4980,16,210,16.9418,Mediatek Dimensity 1080,"₹29,999"
OPPO,8,128,Reno8T 5G,6.7,Full HD+,4800,32,112,17.018,Qualcomm Snapdragon 695,"₹29,999"
POCO,8,256,F5 5G,6.67,Full HD+,5000,16,74,16.9418,Qualcomm Snapdragon 7+ Gen 2 (4nm),"₹29,999"
REDMI,8,256,Note 12 Pro+ 5G,6.67,Full HD+,4980,16,210,16.9418,Mediatek Dimensity 1080,"₹29,999"
Infinix,8,256,Zero Ultra,6.8,Full HD+,4500,32,215,17.272,Mediatek Dimensity 920,"₹29,999"
Infinix,8,256,Zero Ultra,6.8,Full HD+,4500,32,215,17.272,Mediatek Dimensity 920,"₹29,999"
realme,8,128,X3 SuperZoom,6.57,Full HD+,4200,40,82,16.6878,Qualcomm Snapdragon 855+,"₹29,999"
POCO,8,256,F5 5G,6.67,Full HD+,5000,16,74,16.9418,Qualcomm Snapdragon 7+ Gen 2 (4nm),"₹29,999"
OPPO,6,128,F11 Pro,6.5,Full HD+,4000,16,53,16.51,MediaTek Helio P70 Octa Core,"₹29,990"
vivo,12,256,V25 5G,6.44,Full HD+,4500,50,74,16.3576,Mediatek Dimensity 900,"₹29,990"
Mi,8,128,11X Pro 5G,6.67,Full HD+,4520,20,121,16.9418,Qualcomm Snapdragon 888,"₹29,990"
Mi,8,128,11X Pro 5G,6.67,Full HD+,4520,20,121,16.9418,Qualcomm Snapdragon 888,"₹29,990"
vivo,8,128,V23 5G,6.44,Full HD+,4200,58,74,16.3576,Mediatek Dimensity 920,"₹29,990"
OPPO,8,128,Reno6 5G,6.43,Full HD+,4300,32,74,16.3322,MediaTek Dimensity 900,"₹29,990"
Xiaomi,8,128,11T Pro 5G Hyperphone,6.67,Normal,5000,108,108,16.9418,,"₹29,990"
Xiaomi,8,128,11T Pro 5G Hyperphone,6.67,Normal,5000,108,108,16.9418,,"₹29,899"
vivo,12,256,V25 5G,6.44,Full HD+,4500,50,74,16.3576,Mediatek Dimensity 900,"₹29,760"
Xiaomi,8,128,11i Hypercharge 5G,6.67,Full HD+,4500,16,118,16.9418,Mediatek Dimensity 920,"₹28,999"
OPPO,8,256,Reno7 5G,6.43,Normal,4500,32,74,16.3322,Mediatek Dimensity 900,"₹28,999"
SAMSUNG,8,128,Galaxy A33,6.4,Full HD+,5000,13,63,16.256,Exynos 1280,"₹28,999"
Redmi,6,128,K20 Pro,6.39,Full HD+,4000,20,69,16.2306,Qualcomm Snapdragon 855,"₹28,999"
Google,6,128,Pixel 6a,6.14,Full HD+,4410,8,24,15.5956,Google Tensor,"₹28,999"
Google,6,128,Pixel 6a,6.14,Full HD+,4410,8,24,15.5956,Google Tensor,"₹28,999"
Redmi,6,128,K20 Pro,6.39,Full HD+,4000,20,69,16.2306,Qualcomm Snapdragon 855,"₹28,999"
SAMSUNG,8,128,Galaxy A33,6.4,Full HD+,5000,13,59,16.256,Exynos 1280,"₹28,990"
Redmi,6,128,K20 Pro,6.39,Full HD+,4000,20,69,16.2306,Qualcomm Snapdragon 855,"₹28,999"
IQOO,8,128,Neo 6 5G,6.62,Normal,4700,32,138,16.8148,,"₹28,990"
OPPO,8,128,Reno2 F,6.5,Normal,4000,16,60,16.51,,"₹28,990"
OnePlus,8,128,Nord 2T 5G,6.7,Normal,4500,50,50,17.018,,"₹28,990"
IQOO,8,128,Neo 6 5G,6.62,Normal,4700,64,64,16.8148,,"₹28,990"
vivo,6,64,V11 Pro,6.41,Full HD+,3400,25,17,16.2814,Qualcomm Snapdragon 660 AIE,"₹28,990"
SAMSUNG,8,128,Galaxy A33,6.4,Full HD+,5000,13,63,16.256,Exynos 1280,"₹28,990"
OnePlus,8,128,Nord 2T 5G,6.7,Normal,4500,50,50,17.018,,"₹28,989"
Nokia,4,64,8.1,6.18,Full HD+,3500,20,25,15.6972,Qualcomm Snapdragon 710,"₹28,831"
Nokia,4,64,8.1,6.18,Full HD+,3500,20,25,15.6972,Qualcomm Snapdragon 710,"₹28,831"
Mi,8,128,11X Pro 5G,6.67,Full HD+,4520,20,121,16.9418,Qualcomm Snapdragon 888,"₹28,790"
OnePlus,8,128,Nord 2T 5G,6.7,Normal,4500,50,50,17.018,,"₹28,709"
SAMSUNG,8,128,Galaxy A33,6.4,Full HD+,5000,13,63,16.256,Exynos 1280,"₹28,499"
SAMSUNG,6,128,Galaxy A33,6.4,Full HD+,5000,13,63,16.256,Exynos 1280,"₹28,490"
OnePlus,8,128,Nord 2T 5G,6.7,Normal,4500,50,50,17.018,,"₹28,399"
Xiaomi,8,128,11T Pro 5G Hyperphone,6.67,Normal,5000,108,108,16.9418,,"₹28,390"
OnePlus,8,128,Nord 2T 5G,6.7,Normal,4500,50,50,17.018,,"₹28,190"
realme,8,128,GT Master Edition,6.43,Full HD+,4300,32,74,16.3322,Qualcomm Snapdragon 778G,"₹27,999"
IQOO,8,128,Neo 6 5G,6.62,Normal,4700,32,138,16.8148,,"₹27,999"
REDMI,8,256,Note 12 Pro 5G,6.67,Normal,5000,16,60,16.9418,Mediatek Dimensity 1080,"₹27,999"
POCO,6,128,F4 5G,6.67,Full HD+,4500,20,74,16.9418,Qualcomm Snapdragon 870,"₹27,999"
REDMI,8,256,Note 12 Pro 5G,6.67,Normal,5000,16,60,16.9418,Mediatek Dimensity 1080,"₹27,999"
IQOO,8,128,Neo 6 5G,6.62,Normal,4700,32,138,16.8148,,"₹27,999"
vivo,8,128,V21 5G,6.44,Full HD+,4000,44,74,16.3576,MediaTek Dimensity 800U,"₹27,990"
vivo,8,128,V21 5G,6.44,Full HD+,4000,44,74,16.3576,MediaTek Dimensity 800U,"₹27,990"
vivo,8,128,V17,6.44,Full HD+,4500,32,60,16.3576,Qualcomm Snapdragon 675AIE,"₹27,990"
vivo,8,128,V17,6.44,Full HD+,4500,32,60,16.3576,Qualcomm Snapdragon 675AIE,"₹27,990"
vivo,8,256,Y100 A 5G,6.38,Full HD+,4500,16,68,16.2052,Mediatek Dimensity 900,"₹27,700"
IQOO,8,128,Neo 6 5G,6.62,Normal,4700,64,64,16.8148,,"₹27,690"
SAMSUNG,8,128,Galaxy S20 FE 5G,6.5,Normal,4500,32,32,16.51,,"₹27,645"
SAMSUNG,8,128,Galaxy S20 FE,6.5,Full HD+,4500,32,24,16.51,Exynos Octa Core,"₹27,490"
SAMSUNG,8,128,Galaxy S20 FE 5G,6.5,Normal,4500,12,12,16.51,,"₹27,482"
SAMSUNG,8,128,Galaxy S20 FE 5G,6.5,Normal,4500,12,12,16.51,,"₹27,443"
SAMSUNG,8,128,Galaxy S20 FE,6.5,Normal,4500,12,12,16.51,,"₹27,400"
REDMI,8,128,Note 12 Pro 5G,6.67,Normal,5000,16,60,16.9418,Mediatek Dimensity 1080,"₹26,999"
REDMI,8,128,Note 12 Pro 5G,6.67,Normal,5000,16,60,16.9418,Mediatek Dimensity 1080,"₹26,999"
REDMI,8,128,Note 12 Pro 5G,6.67,Normal,5000,16,60,16.9418,Mediatek Dimensity 1080,"₹26,999"
Xiaomi,8,128,11i 5G,6.67,Full HD+,5160,108,108,16.9418,Mediatek Dimensity 920,"₹26,999"
Xiaomi,8,128,11i 5G,6.67,Full HD+,5160,108,108,16.9418,Mediatek Dimensity 920,"₹26,999"
realme,8,256,GT Neo 3T,6.62,Full HD+,5000,16,74,16.8148,Qualcomm Snapdragon 870,"₹26,999"
realme,8,256,GT Neo 3T,6.62,Full HD+,5000,16,74,16.8148,Qualcomm Snapdragon 870,"₹26,999"
realme,8,256,GT Neo 3T,6.62,Full HD+,5000,16,74,16.8148,Qualcomm Snapdragon 870,"₹26,999"
vivo,6,64,V15,6.53,Full HD+,4000,32,25,16.5862,MTK Helio P70,"₹26,990"
vivo,8,256,Y100 A 5G,6.38,Full HD+,4500,16,68,16.2052,Mediatek Dimensity 900,"₹26,989"
vivo,8,128,V23 5G,6.44,Full HD+,4200,58,74,16.3576,Mediatek Dimensity 920,"₹26,890"
vivo,8,128,V25 5G,6.44,Full HD+,4500,50,74,16.3576,Mediatek Dimensity 900,"₹26,590"
vivo,8,128,V23 5G,6.44,Full HD+,4200,58,74,16.3576,Mediatek Dimensity 920,"₹26,890"
vivo,8,128,V25 5G,6.44,Full HD+,4500,50,74,16.3576,Mediatek Dimensity 900,"₹26,590"
vivo,8,128,V25 5G,6.44,Full HD+,4500,50,74,16.3576,Mediatek Dimensity 900,"₹26,490"
realme,8,256,9 Pro+ 5G,6.4,Full HD+,4500,16,60,16.256,Mediatek Dimensity 920,"₹25,999"
POCO,8,128,X3 Pro,6.67,Full HD+,5160,20,60,16.9418,Qualcomm Snapdragon 860,"₹25,999"
realme,8,256,9 Pro+ 5G,6.4,Full HD+,4500,16,60,16.256,Mediatek Dimensity 920,"₹25,999"
realme,8,256,9 Pro+ 5G,6.4,Full HD+,4500,16,60,16.256,Mediatek Dimensity 920,"₹25,999"
POCO,8,128,X3 Pro,6.67,Full HD+,5160,20,60,16.9418,Qualcomm Snapdragon 860,"₹25,999"
vivo,8,128,T1 Pro 5G,6.44,Full HD+,4700,16,74,16.3576,Qualcomm Snapdragon 778G 5G Mobile Platform,"₹25,999"
vivo,8,128,T1 Pro 5G,6.44,Full HD+,4700,16,74,16.3576,Qualcomm Snapdragon 778G 5G Mobile Platform,"₹25,999"
Mi,8,128,10T,6.67,Full HD+,5000,20,82,16.9418,Qualcomm Snapdragon 865,"₹25,990"
SAMSUNG,4,64,Galaxy A6,5.6,Normal,3000,16,16,14.224,,"₹25,500"
Redmi,6,128,K20,6.39,Full HD+,4000,20,69,16.2306,Qualcomm Snapdragon 730,"₹24,999"
REDMI,6,128,Note 12 Pro 5G,6.67,Normal,5000,16,60,16.9418,Mediatek Dimensity 1080,"₹24,999"
Redmi,6,128,K20,6.39,Full HD+,4000,20,69,16.2306,Qualcomm Snapdragon 730,"₹24,999"
Xiaomi,6,128,11i 5G,6.67,Full HD+,5160,108,108,16.9418,Mediatek Dimensity 920,"₹24,999"
POCO,8,256,X5 Pro 5G,6.67,Full HD+,5000,16,118,16.9418,Qualcomm Snapdragon 778G,"₹24,999"
REDMI,6,128,Note 12 Pro 5G,6.67,Normal,5000,16,60,16.9418,Mediatek Dimensity 1080,"₹24,999"
SAMSUNG,8,128,Galaxy A23 5G,6.6,Full HD+,5000,8,55,16.764,Qualcomm Snapdragon 695 (SM6375),"₹24,999"
Redmi,6,128,Note 11 PRO Plus 5G,6.67,Normal,5000,108,108,16.9418,,"₹24,999"
MOTOROLA,6,128,edge 30,6.55,Full HD+,4020,32,112,16.637,Qualcomm Snapdragon 778G Plus,"₹24,999"
Redmi,6,128,K20,6.39,Full HD+,4000,20,69,16.2306,Qualcomm Snapdragon 730,"₹24,999"
Redmi,6,128,K20,6.39,Full HD+,4000,20,69,16.2306,Qualcomm Snapdragon 730,"₹24,999"
SAMSUNG,8,128,Galaxy A23 5G,6.6,Full HD+,5000,8,55,16.764,Qualcomm Snapdragon 695 (SM6375),"₹24,999"
realme,8,128,10 Pro+ 5G,6.7,Full HD+,5000,16,118,17.018,Mediatek Dimensity 1080 5G,"₹24,999"
realme,8,128,10 Pro+ 5G,6.7,Full HD+,5000,16,118,17.018,Mediatek Dimensity 1080 5G,"₹24,999"
realme,8,128,10 Pro+ 5G,6.7,Full HD+,5000,16,118,17.018,Mediatek Dimensity 1080 5G,"₹24,999"
Tecno,8,128,POVA 5G,6.9,Normal,6000,50,50,17.526,,"₹24,999"
MOTOROLA,6,128,edge 30,6.55,Full HD+,4020,32,112,16.637,Qualcomm Snapdragon 778G Plus,"₹24,999"
realme,6,128,Narzo 50 Pro 5G,6.4,Normal,5000,48,48,16.256,Dimensity 920 5G,"₹24,999"
REDMI,6,128,Note 12 Pro 5G,6.67,Normal,5000,16,60,16.9418,Mediatek Dimensity 1080,"₹24,999"
SAMSUNG,8,128,Galaxy A23 5G,6.6,Full HD+,5000,8,55,16.764,Qualcomm Snapdragon 695 (SM6375),"₹24,999"
Xiaomi,8,128,11Lite NE,6.55,Normal,4250,64,64,16.637,,"₹24,999"
realme,8,128,GT Neo 3T,6.62,Full HD+,5000,16,74,16.8148,Qualcomm Snapdragon 870,"₹24,999"
OnePlus,8,128,Nord CE 2 5G,6.43,Normal,4500,64,64,16.3322,,"₹24,999"
realme,8,128,GT Neo 3T,6.62,Full HD+,5000,16,74,16.8148,Qualcomm Snapdragon 870,"₹24,999"
POCO,8,256,X5 Pro 5G,6.67,Full HD+,5000,16,118,16.9418,Qualcomm Snapdragon 778G,"₹24,999"
realme,8,128,GT Neo 3T,6.62,Full HD+,5000,16,74,16.8148,Qualcomm Snapdragon 870,"₹24,999"
OnePlus,8,128,Nord CE 2 5G,6.43,Normal,4500,64,64,16.3322,,"₹24,999"
MOTOROLA,8,128,Edge 30,6.55,Full HD+,4020,32,112,16.637,Qualcomm Snapdragon 778G Plus,"₹24,999"
POCO,6,128,F1,6.18,Full HD+,4000,20,17,15.6972,Qualcomm Snapdragon 845,"₹24,999"
POCO,8,256,X5 Pro 5G,6.67,Full HD+,5000,16,118,16.9418,Qualcomm Snapdragon 778G,"₹24,999"
MOTOROLA,8,128,Edge 30,6.55,Full HD+,4020,32,112,16.637,Qualcomm Snapdragon 778G Plus,"₹24,999"
OPPO,6,64,F5,6,Full HD+,3200,16,16,15.24,Mediatek MT6763T Octa Core,"₹24,990"
vivo,8,128,Z1x,6.38,Full HD+,4500,32,58,16.2052,Qualcomm Snapdragon 712 AIE,"₹24,990"
Redmi,8,128,Note 11 PRO Plus 5G,6.67,Normal,5000,108,108,16.9418,,"₹24,990"
vivo,8,128,Y72 5G,6.58,Full HD+,5000,8,50,16.7132,Qualcomm Snapdragon 480,"₹24,990"
Mi,8,128,11X,6.67,Normal,4520,48,48,16.9418,,"₹24,990"
Mi,6,128,10T,6.67,Full HD+,5000,20,82,16.9418,Qualcomm Snapdragon 865,"₹24,990"
vivo,6,64,V11,6.3,Full HD+,3315,25,21,16.002,MediaTek P60 Octa Core,"₹24,990"
vivo,8,128,V23e 5G,6.44,Full HD+,4050,44,60,16.3576,Mediatek Dimensity 810,"₹24,989"
SAMSUNG,8,128,Galaxy M53 5G,6.7,Normal,5000,108,108,17.018,,"₹24,898"
OPPO,8,128,F21s Pro 5G,6.43,Full HD+,4500,16,132,16.3322,,"₹24,799"
vivo,8,128,V23e 5G,6.44,Full HD+,4050,44,60,16.3576,Mediatek Dimensity 810,"₹24,699"
SAMSUNG,6,128,Galaxy M53 5G,6.7,Normal,5000,108,108,17.018,,"₹24,595"
REDMI,8,256,K50i 5G,6.6,Normal,5080,64,64,16.764,,"₹24,425"
SAMSUNG,8,128,Galaxy M53 5G,6.7,Normal,5000,108,108,17.018,,"₹24,261"
SAMSUNG,8,128,Galaxy M53 5G,6.7,Normal,5000,108,108,17.018,,"₹24,139"
SAMSUNG,6,64,Galaxy A50,6.4,Full HD+,4000,25,38,16.256,Exynos 9610,"₹24,000"
vivo,8,128,Y100 5G,6.38,Full HD+,4500,16,68,16.2052,Mediatek Dimensity 900,"₹23,999"
vivo,8,128,Y100 5G,6.38,Full HD+,4500,16,68,16.2052,Mediatek Dimensity 900,"₹23,999"
vivo,8,128,Y100 5G,6.38,Full HD+,4500,16,68,16.2052,Mediatek Dimensity 900,"₹23,999"
POCO,6,128,X3 Pro,6.67,Full HD+,5160,20,60,16.9418,Qualcomm Snapdragon 860,"₹23,999"
Xiaomi,6,128,11i Hypercharge 5G,6.67,Full HD+,4500,16,118,16.9418,Mediatek Dimensity 920,"₹23,999"
realme,6,128,10 Pro+ 5G,6.7,Full HD+,5000,16,118,17.018,Mediatek Dimensity 1080 5G,"₹23,999"
realme,6,128,10 Pro+ 5G,6.7,Full HD+,5000,16,118,17.018,Mediatek Dimensity 1080 5G,"₹23,999"
vivo,6,128,T1 Pro 5G,6.44,Full HD+,4700,16,74,16.3576,Qualcomm Snapdragon 778G 5G,"₹23,999"
vivo,6,128,T1 Pro 5G,6.44,Full HD+,4700,16,74,16.3576,Qualcomm Snapdragon 778G 5G,"₹23,999"
OnePlus,6,128,Nord CE 2 5G,6.43,Normal,4500,50,50,16.3322,NAN,"₹23,999"
POCO,6,128,X3 Pro,6.67,Full HD+,5160,20,58,16.9418,Qualcomm Snapdragon 860,"₹23,999"
realme,6,128,10 Pro+ 5G,6.7,Full HD+,5000,16,118,17.018,Mediatek Dimensity 1080 5G,"₹23,999"
Xiaomi,8,128,11Lite NE,6.55,Full HD+,4250,20,77,16.637,Qualcomm Snapdragon 778G,"₹23,998"
REDMI,8,256,K50i 5G,6.6,Normal,5080,64,64,16.764,,"₹23,998"
vivo,8,128,T1 44W,6.44,Full HD+,5000,16,54,16.3576,Qualcomm Snapdragon 680,"₹23,990"
OPPO,6,128,F11,6.53,Normal,4020,16,53,16.5862,MTK MT6771V (P70),"₹23,990"
Mi,6,128,10T,6.67,Full HD+,5000,20,82,16.9418,Qualcomm Snapdragon 865,"₹23,990"
vivo,4,64,V9,6.3,Full HD+,3260,24,21,16.002,Qualcomm Snapdragon 626,"₹23,990"
OnePlus,6,128,Nord CE 2 5G,6.43,Normal,4500,64,64,16.3322,,"₹23,900"
OPPO,8,128,F21s Pro 5G,6.43,Full HD+,4500,18,68,16.3322,Qualcomm SM6225 Snapdragon 680 4G (6 nm),"₹23,895"
SAMSUNG,6,128,Galaxy A32,6.4,Normal,5000,64,64,16.256,,"₹23,799"
REDMI,8,256,K50i,6.6,Normal,5080,64,64,16.764,,"₹23,697"
SAMSUNG,6,128,M53 5G,6.7,Normal,5000,108,108,17.018,,"₹23,490"
SAMSUNG,6,128,Galaxy M53 5G,6.7,Normal,5000,108,108,17.018,,"₹23,485"
realme,8,128,9 5G SE,6.6,Full HD+,5000,16,52,16.764,Qualcomm Snapdragon 778G,"₹22,999"
realme,8,128,9 5G SE,6.6,Full HD+,5000,16,52,16.764,Qualcomm Snapdragon 778G,"₹22,999"
realme,6,128,GT Neo 3T,6.62,Full HD+,5000,16,74,16.8148,Qualcomm Snapdragon 870,"₹22,999"
realme,6,128,GT Neo 3T,6.62,Full HD+,5000,16,74,16.8148,Qualcomm Snapdragon 870,"₹22,999"
POCO,6,128,X5 Pro 5G,6.67,Full HD+,5000,16,118,16.9418,Qualcomm Snapdragon 778G,"₹22,999"
Redmi,6,64,K20,6.39,Full HD+,4000,20,69,16.2306,Qualcomm Snapdragon 730,"₹22,999"
11,8,128,Lite NE,6.55,Normal,4250,64,64,16.637,,"₹22,999"
realme,8,128,9 5G SE,6.6,Full HD+,5000,16,52,16.764,Qualcomm Snapdragon 778G,"₹22,999"
realme,8,128,9 5G SE,6.6,Full HD+,5000,16,52,16.764,Qualcomm Snapdragon 778G,"₹22,999"
realme,6,128,GT Neo 3T,6.62,Full HD+,5000,16,74,16.8148,Qualcomm Snapdragon 870,"₹22,999"
realme,6,128,GT Neo 3T,6.62,Full HD+,5000,16,74,16.8148,Qualcomm Snapdragon 870,"₹22,999"
realme,6,128,GT Neo 3T,6.62,Full HD+,5000,16,74,16.8148,Qualcomm Snapdragon 870,"₹22,999"
POCO,6,128,X5 Pro 5G,6.67,Full HD+,5000,16,118,16.9418,Qualcomm Snapdragon 778G,"₹22,999"
Redmi,6,64,K20,6.39,Full HD+,4000,20,69,16.2306,Qualcomm Snapdragon 730,"₹22,999"
SAMSUNG,6,128,Galaxy A23 5G,6.6,Full HD+,5000,8,55,16.764,Qualcomm Snapdragon 695 (SM6375),"₹22,999"
SAMSUNG,6,128,Galaxy A23 5G,6.6,Full HD+,5000,8,55,16.764,Qualcomm Snapdragon 695 (SM6375),"₹22,999"
SAMSUNG,6,128,Galaxy A23 5G,6.6,Full HD+,5000,8,55,16.764,Qualcomm Snapdragon 695 (SM6375),"₹22,999"
POCO,6,128,X5 Pro 5G,6.67,Full HD+,5000,16,118,16.9418,Qualcomm Snapdragon 778G,"₹22,999"
Xiaomi,6,128,11Lite NE,6.55,Full HD+,4250,20,77,16.637,Qualcomm Snapdragon 778G,"₹22,999"
SAMSUNG,8,128,Galaxy F42 5G,6.6,Full HD+,5000,8,71,16.764,MediaTek Dimensity 700,"₹22,999"
REDMI,6,128,K50i 5G,6.6,Normal,5080,64,64,16.764,,"₹22,999"
REDMI,8,128,Note 10 Pro Max,6.67,Full HD+,5020,16,223,16.9418,Qualcomm Snapdragon 732G,"₹22,990"
OPPO,8,128,F15,6.4,Full HD+,4000,16,60,16.256,MediaTek Helio P70,"₹22,990"
OPPO,8,128,F15,6.4,Full HD+,4000,16,60,16.256,MediaTek Helio P70,"₹22,990"
OPPO,8,128,F15,6.4,Full HD+,4000,16,60,16.256,MediaTek Helio P70,"₹22,990"
vivo,8,128,Y33T,6.58,Full HD+,5000,16,54,16.7132,Qualcomm Snapdragon 680,"₹22,990"
Xiaomi,6,128,11Lite NE,6.55,Full HD+,4250,20,77,16.637,Qualcomm Snapdragon 778G,"₹22,990"
Mi,6,128,11X,6.67,Normal,4520,48,48,16.9418,,"₹22,890"
Xiaomi,8,128,11Lite NE,6.55,Full HD+,4250,20,77,16.637,Qualcomm Snapdragon 778G,"₹22,890"
realme,8,128,7 Pro,6.4,Full HD+,4500,32,77,16.256,Qualcomm Snapdragon 720G,"₹21,999"
POCO,6,64,F1,6.18,Full HD+,4000,20,17,15.6972,Qualcomm Snapdragon 845,"₹21,999"
Mi,6,128,11 Lite,6.55,Full HD+,4250,16,77,16.637,Qualcomm Snapdragon 732G,"₹21,999"
OPPO,8,128,A9 2020,6.5,Normal,5000,16,60,16.51,Qualcomm Snapdragon 665,"₹21,990"
OPPO,8,128,A9 2020,6.5,Normal,5000,16,60,16.51,Qualcomm Snapdragon 665,"₹21,990"
OPPO,8,128,A9 2020,6.52,Normal,5000,16,60,16.5608,Qualcomm Snapdragon 665,"₹21,990"
realme,8,128,X3,6.57,Full HD+,4200,24,76,16.6878,Qualcomm Snapdragon 855+,"₹21,990"
OPPO,4,64,F9,6.3,Full HD+,3500,16,18,16.002,Mediatek Helio P60 Octacore,"₹21,990"
OPPO,4,128,F11,6.53,Normal,4020,16,53,16.5862,MTK MT6771V (P70),"₹21,990"
OPPO,4,128,F11,6.53,Normal,4020,16,53,16.5862,MTK MT6771V (P70),"₹21,990"
OPPO,8,128,F21s Pro,6.43,Full HD+,4500,40,68,16.3322,Qualcomm SM6225 Snapdragon 680 4G (6 nm),"₹21,880"
MOTOROLA,8,128,g82 5G,6.6,Full HD+,5000,16,60,16.764,Qualcomm Snapdragon 695 5G,"₹21,699"
MOTOROLA,8,128,g82 5G,6.6,Full HD+,5000,16,60,16.764,Qualcomm Snapdragon 695 5G,"₹21,699"
realme,8,128,Narzo 50 Pro 5G,6.4,Normal,5000,48,48,16.256,Dimensity 920 5G,"₹21,694"
realme,6,128,Narzo 50 Pro 5G,6.4,Normal,5000,48,48,16.256,Dimensity 920 5G,"₹21,499"
GIONEE,4,64,A1,5.5,Normal,4010,13,13,13.97,MediaTek MT6755 Helio P10 Octa Core,"₹21,499"
REDMI,6,128,K50i,6.6,Normal,5080,64,64,16.764,,"₹21,243"
SAMSUNG,4,128,Galaxy A50s,6.4,Full HD+,4000,32,61,16.256,Exynos 9611,"₹21,070"
SAMSUNG,4,128,Galaxy A50s,6.4,Full HD+,4000,32,61,16.256,Exynos 9611,"₹21,070"
SAMSUNG,4,64,Galaxy A50,6.4,Full HD+,4000,25,38,16.256,Exynos 9610,"₹21,000"
vivo,8,128,T2 5G,6.38,Full HD+,4500,16,66,16.2052,Snapdragon 695,"₹20,999"
vivo,8,128,T2 5G,6.38,Full HD+,4500,16,66,16.2052,Snapdragon 695,"₹20,999"
POCO,8,256,X2,6.67,Full HD+,4500,22,74,16.9418,Qualcomm Snapdragon 730G,"₹20,999"
SAMSUNG,8,128,Galaxy A14 5G,6.6,Normal,5000,13,52,16.764,SEC S5E8535 (Exynos 1330),"₹20,999"
REDMI,6,128,Note 12,6.67,Full HD+,5000,13,60,16.9418,Snapdragon 685,"₹20,999"
REDMI,6,128,Note 9 Pro Max,6.67,Full HD+,5020,32,79,16.9418,Qualcomm Snapdragon 720G,"₹20,999"
REDMI,6,128,Note 12,6.67,Full HD+,5000,13,60,16.9418,Snapdragon 685,"₹20,999"
realme,8,128,X,6.53,Full HD+,3765,16,63,16.5862,Qualcomm Snapdragon 710 Octa Core,"₹20,999"
realme,8,128,X,6.53,Full HD+,3765,16,63,16.5862,Qualcomm Snapdragon 710 Octa Core,"₹20,999"
vivo,8,128,T2 5G,6.38,Full HD+,4500,16,66,16.2052,Snapdragon 695,"₹20,999"
vivo,8,128,T2 5G,6.38,Full HD+,4500,16,66,16.2052,Snapdragon 695,"₹20,999"
POCO,8,256,X2,6.67,Full HD+,4500,22,76,16.9418,Qualcomm Snapdragon 730G,"₹20,999"
SAMSUNG,8,128,Galaxy A14 5G,6.6,Normal,5000,13,52,16.764,SEC S5E8535 (Exynos 1330),"₹20,999"
SAMSUNG,8,128,Galaxy A14 5G,6.6,Normal,5000,13,52,16.764,SEC S5E8535 (Exynos 1330),"₹20,999"
OPPO,8,128,F21 Pro,6.43,Normal,4500,64,64,16.3322,,"₹20,999"
POCO,8,256,X2,6.67,Full HD+,4500,22,76,16.9418,Qualcomm Snapdragon 730G,"₹20,999"
OPPO,4,64,F3,5.5,Normal,3200,13,13,13.97,Mediatek MT6750T Octa Core,"₹20,990"
vivo,6,64,S1,6.38,Full HD+,4500,32,26,16.2052,Helio P65 (MT6768),"₹20,990"
OPPO,4,128,F15,6.4,Full HD+,4000,16,60,16.256,MediaTek Helio P70,"₹20,990"
OPPO,4,128,F15,6.4,Full HD+,4000,16,60,16.256,MediaTek Helio P70,"₹20,990"
OPPO,4,128,F15,6.4,Full HD+,4000,16,60,16.256,MediaTek Helio P70,"₹20,990"
OPPO,6,64,K1,6.41,Normal,3600,25,18,16.2814,Qualcomm Snapdragon 660 Octa Core,"₹20,990"
REDMI,6,128,K50i 5G,6.6,Normal,5080,64,64,16.764,,"₹20,900"
REDMI,6,128,K50i 5G,6.6,Normal,5080,64,64,16.764,,"₹20,779"
OPPO,8,128,F21SPRO,6.43,Normal,4500,34,66,16.3322,,"₹20,699"
vivo,6,128,Y31,6.58,Full HD+,5000,16,52,16.7132,Qualcomm Snapdragon 662,"₹20,490"
vivo,6,128,Y31,6.58,Full HD+,5000,16,52,16.7132,Qualcomm Snapdragon 662,"₹20,490"
Honor,4,64,9i,5.9,Full HD+,3340,15,18,14.986,Huawei Kirin 659 Octa Core,"₹19,999"
Honor,4,64,9i,5.9,Full HD+,3340,15,18,14.986,Huawei Kirin 659 Octa Core,"₹19,999"
ASUS,4,32,Zenfone 3 Laser,5.5,Normal,3000,13,13,13.97,Qualcomm Snapdragon Octa Core,"₹19,999"
REDMI,6,128,Note 10 Pro Max,6.67,Full HD+,5020,108,108,16.9418,Qualcomm Snapdragon 732G,"₹19,999"
SAMSUNG,8,128,Galaxy A23,6.6,Full HD+,5000,50,50,16.764,Octa-core(EXYNOS),"₹19,999"
Honor,4,64,9i,5.9,Full HD+,3340,15,18,14.986,Huawei Kirin 659 Octa Core,"₹19,999"
REDMI,6,128,Note 10 Pro,6.67,Full HD+,5020,16,79,16.9418,Qualcomm Snapdragon 732G,"₹19,999"
realme,8,128,Narzo 30 Pro 5G,6.5,Full HD+,5000,16,58,16.51,MediaTek Dimensity 800U,"₹19,999"
MOTOROLA,6,128,G40 Fusion,6.78,Full HD+,6000,16,74,17.2212,Qualcomm Snapdragon 732G,"₹19,999"
POCO,8,128,X3 Pro,6.67,Full HD+,5160,20,60,16.9418,Qualcomm Snapdragon 860,"₹19,999"
REDMI,8,128,Note 8 Pro,6.53,Full HD+,4500,20,76,16.5862,MediaTek Helio G90T,"₹19,999"
MOTOROLA,6,128,g82 5G,6.6,Full HD+,5000,16,60,16.764,Qualcomm Snapdragon 695 5G,"₹19,999"
realme,8,128,7,6.5,Full HD+,5000,16,76,16.51,MediaTek Helio G95,"₹19,999"
realme,8,128,10 Pro 5G,6.72,Full HD+,5000,16,110,17.0688,Qualcomm Snapdragon 695 5G,"₹19,999"
realme,8,128,10 Pro 5G,6.72,Full HD+,5000,16,110,17.0688,Qualcomm Snapdragon 695 5G,"₹19,999"
realme,8,128,10 Pro 5G,6.72,Full HD+,5000,16,110,17.0688,Qualcomm Snapdragon 695 5G,"₹19,999"
POCO,6,128,M2 Pro,6.67,Full HD+,5000,16,63,16.9418,Qualcomm Snapdragon 720G,"₹19,999"
Honor,4,128,9N,5.84,Normal,3000,16,15,,Kirin 659 Octa Core,"₹19,999"
Honor,4,128,9N,5.84,Normal,3000,16,15,,Kirin 659 Octa Core,"₹19,999"
Infinix,8,128,Zero 5G,6.78,Full HD+,5000,16,61,17.2212,Mediatek Dimensity 900,"₹19,999"
vivo,8,128,Y56 A 5G,6.58,Full HD+,5000,16,52,16.7132,MTK Dimensity 900,"₹19,999"
realme,8,128,XT,6.4,Normal,4000,76,74,16.256,Qualcomm 712,"₹19,999"
REDMI,8,128,Note 8 Pro,6.53,Full HD+,4500,20,76,16.5862,MediaTek Helio G90T,"₹19,999"
vivo,8,128,Y56 5G,6.58,Full HD+,5000,16,52,16.7132,Mediatek Dimensity 700,"₹19,999"
vivo,8,128,Y56 5G,6.58,Full HD+,5000,16,52,16.7132,Mediatek Dimensity 700,"₹19,999"
Infinix,8,128,Zero 5G,6.78,Full HD+,5000,16,61,17.2212,Mediatek Dimensity 900,"₹19,999"
REDMI,6,128,Note 10 Pro Max,6.67,Full HD+,5020,108,108,16.9418,Qualcomm Snapdragon 732G,"₹19,997"
vivo,6,128,Y22,6.55,Normal,5000,8,52,16.637,Mediatek Helio G70,"₹19,990"
vivo,4,32,V9 Youth,6.3,Full HD+,3260,16,18,16.002,Qualcomm Snapdragon 450,"₹19,990"
OPPO,6,128,F19s,6.43,Full HD+,5000,16,52,16.3322,Qualcomm Snapdragon 662,"₹19,990"
REDMI,8,128,Note 11T 5G,6.6,Normal,5000,50,50,16.764,,"₹19,990"
OPPO,6,256,Reno2 F,6.5,Normal,4000,16,60,16.51,MediaTek Helio P70,"₹19,990"
REDMI,6,128,Note 11T 5G,6.6,Normal,5000,50,50,16.764,,"₹19,990"
OPPO,6,256,Reno2 F,6.5,Normal,4000,16,60,16.51,MediaTek Helio P70,"₹19,990"
vivo,4,128,S1,6.38,Full HD+,4500,32,26,16.2052,Helio P65 (MT6768),"₹19,990"
OPPO,8,128,F17 Pro,6.43,Full HD+,4015,18,60,16.3322,MediaTek Helio P95,"₹19,990"
Huawei,4,128,Y9 Prime 2019,6.59,Full HD+,4000,16,26,16.7386,HiSilicon Kirin 710F AI Chipset with Dual-NPU,"₹19,990"
OPPO,8,128,F17 Pro,6.43,Full HD+,4015,18,60,16.3322,MediaTek Helio P95,"₹19,990"
vivo,8,128,Y75,6.44,Full HD+,4050,44,60,16.3576,Mediatek G96,"₹19,990"
vivo,8,128,Y75,6.44,Full HD+,4050,44,60,16.3576,Mediatek G96,"₹19,990"
vivo,8,128,Y53s,6.58,Full HD+,5000,68,68,16.7132,MediaTek Helio G80,"₹19,990"
vivo,6,64,Z1x,6.38,Full HD+,4500,32,58,16.2052,Qualcomm Snapdragon 712 AIE,"₹19,990"
vivo,8,128,T1 5G,6.58,Full HD+,5000,16,54,16.7132,Qualcomm Snapdragon 695,"₹19,990"
OPPO,6,128,A74 5G BLACK,6.49,Normal,5000,8,52,16.4846,,"₹19,989"
REDMI,8,128,Note 11T 5G,6.6,Normal,5000,50,50,16.764,,"₹19,985"
REDMI,6,128,Note 11 Pro,6.67,Normal,5000,108,108,16.9418,,"₹19,979"
vivo,8,128,Y56 A 5G,6.58,Full HD+,5000,16,52,16.7132,MTK Dimensity 900,"₹19,969"
vivo,8,128,Y565G,6.58,Full HD+,5000,16,52,16.7132,MTK Dimensity 700,"₹19,907"
SAMSUNG,4,32,Galaxy On Max,5.7,Normal,3300,13,13,14.478,"MediaTek ,Octa Core","₹19,900"
SAMSUNG,4,32,Galaxy On Max,5.7,Normal,3300,13,13,14.478,"MediaTek , Octa Core","₹19,900"
vivo,8,128,Y565G,6.58,Full HD+,5000,16,52,16.7132,MTK Dimensity 700,"₹19,897"
REDMI,6,128,Note 11 Pro,6.67,Normal,5000,108,108,16.9418,,"₹19,890"
REDMI,8,128,Note 11T 5G,6.6,Normal,5000,50,50,16.764,,"₹19,850"
OPPO,8,128,F21S PRO,6.43,Full HD+,4500,34,68,16.3322,Qualcomm SM6225 Snapdragon 680 4G (6 nm),"₹19,695"
POCO,8,128,X4 Pro 5G,6.67,Full HD+,5000,16,74,16.9418,Qualcomm Snapdragon 695 5G,"₹19,499"
POCO,8,128,X4 Pro 5G,6.67,Full HD+,5000,16,74,16.9418,Qualcomm Snapdragon 695 5G,"₹19,499"
vivo,6,128,T1 44W,6.44,Full HD+,5000,16,50,16.3576,Qualcomm Snapdragon 680,"₹19,499"
POCO,8,128,X4 Pro 5G,6.67,Full HD+,5000,16,74,16.9418,Qualcomm Snapdragon 695 5G,"₹19,499"
vivo,8,128,Y73,6.44,Full HD+,4000,16,68,16.3576,MediaTek Helio G95,"₹19,490"
REDMI,6,128,Note 10 Pro,6.67,Normal,5020,64,64,16.9418,,"₹19,490"
vivo,8,128,Y72 5G,6.58,Full HD+,5000,8,50,16.7132,Qualcomm Snapdragon 480,"₹19,490"
SAMSUNG,8,128,Galaxy A23,6.6,Full HD+,5000,50,50,16.764,Octa-core(EXYNOS),"₹18,999"
REDMI,6,128,Note 10S,6.43,Full HD+,5000,13,76,16.3322,Mediatek Helio G95,"₹18,999"
ASUS,4,32,Zenfone 2,5.5,Normal,3000,13,13,13.97,Intel Atom Z3560,"₹18,999"
realme,6,128,6 Pro,6.6,Full HD+,4300,32,86,16.764,Snapdragon 720G,"₹18,999"
realme,6,128,9 Pro 5G,6.6,Full HD+,5000,16,74,16.764,Qualcomm Snapdragon 695,"₹18,999"
vivo,6,128,Y20G,6.51,Normal,5000,8,17,16.5354,MediaTek Helio G80,"₹18,999"
vivo,4,64,Y20G,6.51,Normal,5000,8,17,16.5354,MediaTek Helio G80,"₹18,999"
SAMSUNG,6,128,Galaxy A14 5G,6.6,Normal,5000,13,52,16.764,SEC S5E8535 (Exynos 1330),"₹18,999"
SAMSUNG,6,128,Galaxy A14 5G,6.6,Normal,5000,13,52,16.764,SEC S5E8535 (Exynos 1330),"₹18,999"
MOTOROLA,6,128,Edge 20 Fusion 5G,6.67,Full HD+,5000,32,118,16.9418,MediaTek Dimensity 800U,"₹18,999"
Infinix,8,128,Zero 8i,6.85,Full HD+,4500,58,58,17.399,MediaTek Helio G90T,"₹18,999"
POCO,6,128,X2,6.67,Full HD+,4500,22,76,16.9418,Qualcomm Snapdragon 730G,"₹18,999"
vivo,8,128,Y33T,6.58,Normal,5000,16,54,16.7132,,"₹18,999"
REDMI,6,128,Note 12 5G,6.67,Full HD+,5000,13,58,16.9418,Qualcomm Snapdragon 4 Gen 1,"₹18,999"
REDMI,6,128,Note 12 5G,6.67,Full HD+,5000,13,58,16.9418,Qualcomm Snapdragon 4 Gen 1,"₹18,999"
Mi,8,128,11 Lite,6.55,Full HD+,4250,16,77,16.637,Qualcomm Snapdragon 732G,"₹18,999"
Mi,8,128,11 Lite,6.55,Full HD+,4250,16,77,16.637,Qualcomm Snapdragon 732G,"₹18,999"
REDMI,6,128,Note 9,6.53,Full HD+,5020,13,60,16.5862,MediaTek Helio G85,"₹18,999"
REDMI,6,128,Note 11T 5G,6.6,Normal,5000,50,50,16.764,,"₹18,999"
REDMI,6,64,Note 11,6.43,Normal,5000,50,50,16.3322,,"₹18,999"
REDMI,6,128,Note 12 5G,6.67,Full HD+,5000,13,58,16.9418,Qualcomm Snapdragon 4 Gen 1,"₹18,999"
SAMSUNG,6,128,Galaxy A14 5G,6.6,Normal,5000,13,52,16.764,SEC S5E8535 (Exynos 1330),"₹18,999"
realme,6,128,10 Pro 5G,6.72,Full HD+,5000,16,110,17.0688,Qualcomm Snapdragon 695 5G,"₹18,999"
realme,6,128,10 Pro 5G,6.72,Full HD+,5000,16,110,17.0688,Qualcomm Snapdragon 695 5G,"₹18,999"
realme,6,128,10 Pro 5G,6.72,Full HD+,5000,16,110,17.0688,Qualcomm Snapdragon 695 5G,"₹18,999"
vivo,6,128,T2 5G,6.38,Full HD+,4500,16,66,16.2052,Snapdragon 695,"₹18,999"
vivo,6,128,T2 5G,6.38,Full HD+,4500,16,66,16.2052,Snapdragon 695,"₹18,999"
SAMSUNG,6,128,Galaxy M32,6.4,Normal,6000,64,64,16.256,,"₹18,999"
SAMSUNG,6,128,GALAXY M13 5G,6.5,Normal,5000,50,50,16.51,,"₹18,995"
SAMSUNG,8,128,Galaxy M32 5G,6.5,Normal,5000,13,63,16.51,Dimensity 720 5G,"₹18,990"
REDMI,8,128,Note 11T 5G,6.6,Normal,5000,50,50,16.764,,"₹18,990"
OPPO,4,64,A7,6.2,Normal,4230,16,15,15.748,Qualcomm Snapdragon 450,"₹18,990"
REDMI,6,128,Note 11,6.43,Normal,5000,50,50,16.3322,,"₹18,990"
OPPO,4,128,A9 2020,6.5,Normal,5000,16,60,16.51,Qualcomm Snapdragon 665,"₹18,990"
OPPO,4,128,A9 2020,6.52,Normal,5000,16,60,16.5608,Qualcomm Snapdragon 665,"₹18,990"
REDMI,8,128,Note 11T 5G,6.6,Normal,5000,50,50,16.764,,"₹18,990"
SAMSUNG,8,128,Galaxy M32 5G,6.5,Normal,5000,13,63,16.51,Dimensity 720 5G,"₹18,990"
REDMI,8,128,Note 11T 5G,6.6,Normal,5000,50,50,16.764,,"₹18,990"
OPPO,4,64,A7,6.2,Normal,4230,16,15,15.748,Qualcomm Snapdragon 450,"₹18,990"
OPPO,4,64,A7,6.2,Normal,4230,16,15,15.748,Qualcomm Snapdragon 450,"₹18,990"
OPPO,8,128,A785G,6.56,Normal,5000,8,52,16.6624,MediaTek Dimensity 700,"₹18,970"
OPPO,8,128,A 78 5G,6.56,Normal,5000,50,50,16.6624,,"₹18,889"
OnePlus,6,128,Nord CE 2 Lite 5G,6.59,Normal,5000,64,64,16.7386,,"₹18,828"
SAMSUNG,8,128,Galaxy A23,6.6,Full HD+,5000,50,50,16.764,Octa-core(EXYNOS),"₹18,790"
OnePlus,6,128,Nord CE 2 Lite 5G,6.59,Normal,5000,64,64,16.7386,,"₹18,724"
SAMSUNG,8,128,Galaxy M33 5G,6.6,Normal,6000,50,50,16.764,,"₹18,525"
REDMI,8,128,Note 10S,6.43,Full HD+,5000,13,74,16.3322,Mediatek Helio G95,"₹18,499"
vivo,8,128,Y33T,6.58,Full HD+,5000,16,54,16.7132,Qualcomm Snapdragon 680,"₹18,499"
REDMI,8,128,Note 10S,6.43,Full HD+,5000,13,76,16.3322,Mediatek Helio G95,"₹18,499"
REDMI,8,128,Note 10S,6.43,Full HD+,5000,13,76,16.3322,Mediatek Helio G95,"₹18,499"
REDMI,8,128,Note 11T 5G,6.6,Normal,5000,50,50,16.764,,"₹18,490"
POCO,8,256,X2,6.67,Full HD+,4500,22,76,16.9418,Qualcomm Snapdragon 730G,"₹18,450"
SAMSUNG,6,128,M32 5G,6.5,Normal,5000,13,63,16.51,Dimensity 720 5G,"₹18,390"
OPPO,8,128,A78 5G,6.56,Normal,5000,13,13,16.6624,,"₹18,290"
SAMSUNG,8,128,Galaxy M33 5G,6.6,Normal,6000,50,50,16.764,,"₹18,274"
SAMSUNG,8,128,Galaxy M33 5G,6.6,Normal,6000,50,50,16.764,,"₹18,149"
SAMSUNG,8,128,Galaxy M33 5G,6.6,Normal,6000,50,50,16.764,,"₹18,110"
OPPO,8,128,A78 5G,6.56,Normal,5000,13,13,16.6624,,"₹18,099"
realme,6,64,6,6.5,Full HD+,4300,16,76,16.51,MediaTek Helio G90T,"₹17,999"
REDMI,8,128,Note 11S,6.43,Normal,5000,108,108,16.3322,,"₹17,999"
realme,8,128,9,6.4,Full HD+,5000,16,118,16.256,Qualcomm Snapdragon 680,"₹17,999"
realme,8,128,9,6.4,Full HD+,5000,16,118,16.256,Qualcomm Snapdragon 680,"₹17,999"
Redmi,6,64,Note 6 Pro,6.26,Full HD+,4000,22,17,15.9004,Qualcomm Snapdragon 636,"₹17,999"
POCO,8,256,X5 5G,6.67,Full HD+,5000,13,58,16.9418,Qualcomm Snapdragon 695,"₹17,999"
POCO,8,256,X5 5G,6.67,Full HD+,5000,13,58,16.9418,Qualcomm Snapdragon 695,"₹17,999"
realme,6,64,6,6.5,Full HD+,4300,16,76,16.51,MediaTek Helio G90T,"₹17,999"
realme,4,64,narzo 50 5G,6.6,Normal,5000,48,48,16.764,,"₹17,999"
realme,6,128,narzo 50 5G,6.6,Normal,5000,48,48,16.764,,"₹17,999"
Infinix,8,256,Zero 5G 2023 TURBO,6.78,Full HD+,5000,16,54,17.2212,Mediatek Dimensity 1080,"₹17,999"
Infinix,8,256,Zero 5G 2023 TURBO,6.78,Full HD+,5000,16,54,17.2212,Mediatek Dimensity 1080,"₹17,999"
POCO,6,64,M2 Pro,6.67,Full HD+,5000,16,63,16.9418,Qualcomm Snapdragon 720G,"₹17,999"
POCO,8,256,X5 5G,6.67,Full HD+,5000,13,58,16.9418,Qualcomm Snapdragon 695,"₹17,999"
HTC,8,256,U20H-5G,6.82,Full HD+,5000,48,48,17.3228,Snapdragon 765G,"₹17,999"
Infinix,8,256,Zero 5G 2023 TURBO,6.78,Full HD+,5000,16,54,17.2212,Mediatek Dimensity 1080,"₹17,999"
LeEco,4,32,Le Max2,5.7,Normal,3100,22,21,14.478,Qualcomm Snapdragon 820 Quad Core,"₹17,999"
ASUS,6,64,Zenfone Max Pro M1,5.99,Full HD+,5000,16,21,15.2146,Qualcomm Snapdragon 636 Octa Core,"₹17,999"
realme,6,64,6 Pro,6.6,Full HD+,4300,32,86,16.764,Snapdragon 720G,"₹17,999"
POCO,6,64,M2 Pro,6.67,Full HD+,5000,16,63,16.9418,Qualcomm Snapdragon 720G,"₹17,999"
POCO,6,64,M2 Pro,6.67,Full HD+,5000,16,63,16.9418,Qualcomm Snapdragon 720G,"₹17,999"
realme,6,64,6,6.5,Full HD+,4300,16,76,16.51,MediaTek Helio G90T,"₹17,999"
realme,8,128,9,6.4,Full HD+,5000,16,118,16.256,Qualcomm Snapdragon 680,"₹17,999"
Redmi,6,64,Note 6 Pro,6.26,Full HD+,4000,22,17,15.9004,Qualcomm Snapdragon 636,"₹17,999"
realme,8,128,9,6.4,Full HD+,5000,16,118,16.256,Qualcomm Snapdragon 680,"₹17,999"
POCO,8,256,X5 5G,6.67,Full HD+,5000,13,58,16.9418,Qualcomm Snapdragon 695,"₹17,999"
POCO,8,256,X5 5G,6.67,Full HD+,5000,13,58,16.9418,Qualcomm Snapdragon 695,"₹17,999"
realme,6,64,6,6.5,Full HD+,4300,16,76,16.51,MediaTek Helio G90T,"₹17,999"
REDMI,8,128,Note 11S,6.43,Normal,5000,108,108,16.3322,,"₹17,999"
vivo,6,128,Y20G,6.51,Normal,5000,13,13,16.5354,,"₹17,999"
Infinix,8,256,Zero 5G 2023 TURBO,6.78,Full HD+,5000,16,54,17.2212,Mediatek Dimensity 1080,"₹17,999"
POCO,8,256,X5 5G,6.67,Full HD+,5000,13,58,16.9418,Qualcomm Snapdragon 695,"₹17,999"
realme,6,128,narzo 50 5G,6.6,Normal,5000,48,48,16.764,,"₹17,999"
HTC,8,256,U20H-5G,6.82,Full HD+,5000,48,48,17.3228,Snapdragon 765G,"₹17,999"
realme,4,64,narzo 50 5G,6.6,Normal,5000,48,48,16.764,,"₹17,999"
POCO,6,64,M2 Pro,6.67,Full HD+,5000,16,63,16.9418,Qualcomm Snapdragon 720G,"₹17,999"
Infinix,8,256,Zero 5G 2023 TURBO,6.78,Full HD+,5000,16,54,17.2212,Mediatek Dimensity 1080,"₹17,999"
Infinix,8,256,Zero 5G 2023 TURBO,6.78,Full HD+,5000,16,54,17.2212,Mediatek Dimensity 1080,"₹17,999"
LeEco,4,32,Le Max2,5.7,Normal,3100,21,21,14.478,Qualcomm Snapdragon 820 Quad Core 2.15GHz,"₹17,999"
ASUS,6,64,Zenfone Max Pro M1,5.99,Full HD+,5000,16,21,15.2146,Qualcomm Snapdragon 636 Octa Core,"₹17,999"
REDMI,6,128,Note 11T 5G,6.6,Normal,5000,50,50,16.764,,"₹17,990"
realme,8,128,2 Pro,6.3,Full HD+,3500,16,18,16.002,Qualcomm Snapdragon 660 Octa Core 1.95GHz AIE,"₹17,990"
REDMI,6,128,Note 10,6.43,Full HD+,5000,13,60,16.3322,Qualcomm Snapdragon 678,"₹17,990"
OPPO,4,128,A52,6.5,Full HD+,5000,16,24,16.51,Qualcomm Snapdragon 665,"₹17,990"
SAMSUNG,6,128,Galaxy M32,6.4,Normal,6000,64,64,16.256,,"₹17,990"
REDMI,6,128,Note 11T 5G,6.6,Normal,5000,50,50,16.764,,"₹17,990"
realme,8,128,2 Pro,6.3,Full HD+,3500,16,18,16.002,Qualcomm Snapdragon 660 Octa Core,"₹17,990"
OPPO,6,128,A53,6.5,Normal,5000,16,17,16.51,Qualcomm Snapdragon 460,"₹17,990"
vivo,6,64,Z1Pro,6.53,Full HD+,5000,32,26,16.5862,Qualcomm Snapdragon 712,"₹17,990"
REDMI,6,64,Note 9 Pro Max,6.67,Full HD+,5020,32,81,16.9418,Qualcomm Snapdragon 720G,"₹17,990"
Nokia,3,32,6.1,5.5,Normal,3000,16,16,13.97,Qualcomm Snapdragon 630,"₹17,979"
SAMSUNG,3,64,Galaxy On Nxt,5.5,Normal,3300,13,13,13.97,Exynos 7870 Octa Core,"₹17,900"
SAMSUNG,3,64,Galaxy On Nxt,5.5,Normal,3300,13,13,13.97,Exynos 7870 Octa Core,"₹17,900"
Google,4,64,Pixel 3A,5.6,Normal,3000,12,12,14.224,Qualcomm SDM670 Snapdragon 670 (10 nm),"₹17,899"
Google,4,64,Pixel 3A,5.6,Normal,3000,12,12,14.224,Qualcomm SDM670 Snapdragon 670 (10 nm),"₹17,899"
SAMSUNG,6,128,M32 5G,6.5,Normal,5000,13,63,16.51,Dimensity 720 5G,"₹17,699"
SAMSUNG,4,64,Galaxy On6,5.6,Normal,3000,13,13,14.224,1.6 GHz Exynos Octa Core,"₹17,600"
Nokia,4,64,6.1 Plus,5.8,Full HD+,3060,16,21,14.732,Qualcomm Snapdragon 636 Octacore,"₹17,600"
IQOO,6,128,Z6 5G,6.58,Normal,5000,50,50,16.7132,,"₹17,599"
vivo,8,128,Y35,6.58,Full HD+,5000,16,54,16.7132,Qualcomm Snapdragon 680,"₹17,499"
vivo,8,128,Y35,6.58,Full HD+,5000,16,54,16.7132,Qualcomm Snapdragon 680,"₹17,499"
Mi,6,128,A3,6.08,Normal,4030,32,58,15.4432,Qualcomm Snapdragon 665,"₹17,499"
Mi,4,64,A2,5.99,Full HD+,3010,20,32,15.2146,Qualcomm Snapdragon 660 AIE,"₹17,499"
SAMSUNG,6,128,Galaxy A23,6.6,Full HD+,5000,50,50,16.764,Octa-core(EXYNOS),"₹17,499"
SAMSUNG,6,128,Galaxy A23,6.6,Full HD+,5000,50,50,16.764,Octa-core(EXYNOS),"₹17,499"
OPPO,8,128,K10 5G,6.56,Normal,5000,8,50,16.6624,Mediatek Dimensity 810,"₹17,499"
POCO,6,128,X4 Pro 5G,6.67,Full HD+,5000,16,74,16.9418,Qualcomm Snapdragon 695 5G,"₹17,499"
POCO,6,128,X4 Pro 5G,6.67,Full HD+,5000,16,74,16.9418,Qualcomm Snapdragon 695 5G,"₹17,499"
Mi,4,64,A2,5.99,Full HD+,3010,20,32,15.2146,Qualcomm Snapdragon 660 AIE,"₹17,499"
SAMSUNG,6,128,Galaxy M33 5G,6.59,Normal,6000,50,50,16.7386,,"₹17,177"
REDMI,6,128,Note 10S,6.43,Full HD+,5000,13,76,16.3322,Mediatek Helio G95,"₹17,099"
SAMSUNG,6,128,Galaxy M33 5G,6.6,Normal,6000,50,50,16.764,,"₹17,084"
REDMI,4,128,Note 12 5G,6.67,Full HD+,5000,13,58,16.9418,Qualcomm Snapdragon 4 Gen 1,"₹16,999"
REDMI,4,128,Note 12 5G,6.67,Full HD+,5000,13,58,16.9418,Qualcomm Snapdragon 4 Gen 1,"₹16,999"
Moto,6,128,G71 5G,6.4,Full HD+,5000,16,60,16.256,Qualcomm Snapdragon 695,"₹16,999"
POCO,4,64,M2 Pro,6.67,Full HD+,5000,16,59,16.9418,Qualcomm Snapdragon 720G,"₹16,999"
REDMI,6,64,Note 8 Pro,6.53,Full HD+,4500,20,76,16.5862,MediaTek Helio G90T,"₹16,999"
REDMI,6,64,Note 8 Pro,6.53,Full HD+,4500,20,76,16.5862,MediaTek Helio G90T,"₹16,999"
Redmi,6,64,Note 5 Pro,5.99,Full HD+,4000,20,17,15.2146,Qualcomm Snapdragon 636,"₹16,999"
Alcatel,3,16,Idol 4,5.2,Normal,2610,13,13,13.208,MSM8952,"₹16,999"
POCO,6,128,M4 Pro 5G,6.6,Full HD+,5000,16,58,16.764,Mediatek Dimensity 810,"₹16,999"
REDMI,6,64,Note 10S,6.43,Full HD+,5000,13,76,16.3322,Mediatek Helio G95,"₹16,999"
Redmi,6,64,Note 7 Pro,6.3,Full HD+,4000,13,53,16.002,Qualcomm Snapdragon 675,"₹16,999"
REDMI,6,128,Note 12,6.67,Full HD+,5000,13,60,16.9418,Snapdragon 685,"₹16,999"
realme,6,128,9,6.4,Full HD+,5000,16,118,16.256,Qualcomm Snapdragon 680,"₹16,999"
Lenovo,4,64,K10 Note,6.3,Full HD+,4050,16,29,16.002,Qualcomm SDM710,"₹16,999"
Motorola,4,128,One Action,6.3,Full HD+,3500,12,21,16.002,Samsung Exynos 9609,"₹16,999"
MOTOROLA,8,128,g73 5G,6.5,Full HD+,5000,16,58,16.51,Mediatek Dimensity 930,"₹16,999"
realme,8,128,6,6.5,Full HD+,4300,16,76,16.51,MediaTek Helio G90T,"₹16,999"
realme,6,128,9,6.4,Full HD+,5000,16,118,16.256,Qualcomm Snapdragon 680,"₹16,999"
POCO,4,64,M2 Pro,6.67,Full HD+,5000,16,,16.9418,Qualcomm Snapdragon 720G,"₹16,999"
Infinix,8,256,Note 12 Pro,6.7,Full HD+,5000,16,110,17.018,Mediatek Helio G99,"₹16,999"
Infinix,8,256,Note 12 Pro,6.7,Full HD+,5000,16,110,17.018,Mediatek Helio G99,"₹16,999"
MOTOROLA,8,128,g73 5G,6.5,Full HD+,5000,16,58,16.51,Mediatek Dimensity 930,"₹16,999"
realme,6,128,9i 5G,6.6,Full HD+,5000,8,52,16.764,Mediatek Dimensity 810 5G,"₹16,999"
realme,6,128,9i 5G,6.6,Full HD+,5000,8,54,16.764,Mediatek Dimensity 810 5G,"₹16,999"
vivo,4,128,T1X,6.58,Full HD+,5000,8,52,16.7132,Qualcomm Snapdragon 680,"₹16,999"
MOTOROLA,6,128,g72,6.55,Full HD+,5000,16,118,16.637,Mediatek Helio G99,"₹16,999"
Redmi,6,128,Note 7 Pro,6.3,Full HD+,4000,13,53,16.002,Qualcomm Snapdragon 675,"₹16,999"
Honor,4,64,9 Lite,5.65,Full HD+,3000,15,15,14.351,Kirin 659,"₹16,999"
REDMI,6,64,Note 10S,6.43,Full HD+,5000,13,76,16.3322,Mediatek Helio G95,"₹16,999"
REDMI,6,64,Note 8 Pro,6.53,Full HD+,4500,20,76,16.5862,MediaTek Helio G90T,"₹16,999"
Redmi,6,64,Note 7 Pro,6.3,Full HD+,4000,13,53,16.002,Qualcomm Snapdragon 675,"₹16,999"
Redmi,6,64,Note 7 Pro,6.3,Full HD+,4000,13,53,16.002,Qualcomm Snapdragon 675,"₹16,999"
REDMI,6,128,Note 12,6.67,Full HD+,5000,13,60,16.9418,Snapdragon 685,"₹16,999"
REDMI,6,128,Note 12,6.67,Full HD+,5000,13,60,16.9418,Snapdragon 685,"₹16,999"
SAMSUNG,6,128,Galaxy M12,6.5,Normal,6000,48,48,16.51,,"₹16,999"
Redmi,6,64,Note 5 Pro,5.99,Full HD+,4000,20,17,15.2146,Qualcomm Snapdragon 636,"₹16,999"
Redmi,6,64,Note 5 Pro,5.99,Full HD+,4000,20,17,15.2146,Qualcomm Snapdragon 636,"₹16,999"
realme,6,64,Narzo 30 Pro 5G,6.5,Full HD+,5000,16,58,16.51,MediaTek Dimensity 800U,"₹16,999"
realme,6,128,9i 5G,6.6,Full HD+,5000,8,54,16.764,Mediatek Dimensity 810 5G,"₹16,999"
MOTOROLA,6,128,g72,6.55,Full HD+,5000,16,118,16.637,Mediatek Helio G99,"₹16,999"
Moto,6,128,G71 5G,6.4,Full HD+,5000,16,60,16.256,Qualcomm Snapdragon 695,"₹16,999"
POCO,4,64,M2 Pro,6.67,Full HD+,5000,16,63,16.9418,Qualcomm Snapdragon 720G,"₹16,999"
REDMI,4,128,Note 12 5G,6.67,Full HD+,5000,13,58,16.9418,Qualcomm Snapdragon 4 Gen 1,"₹16,999"
REDMI,6,128,Note 10T 5G,6.56,Full HD+,5000,48,48,16.6624,Mediatek Dimensity 700,"₹16,999"
realme,6,128,9i 5G,6.6,Full HD+,5000,8,54,16.764,Mediatek Dimensity 810 5G,"₹16,999"
Redmi,6,128,Note 7 Pro,6.3,Full HD+,4000,13,53,16.002,Qualcomm Snapdragon 675,"₹16,999"
MOTOROLA,6,128,g72,6.55,Full HD+,5000,16,118,16.637,Mediatek Helio G99,"₹16,999"
Honor,4,64,9 Lite,5.65,Full HD+,3000,15,15,14.351,Kirin 659,"₹16,999"
MOTOROLA,6,128,g72,6.55,Full HD+,5000,16,118,16.637,Mediatek Helio G99,"₹16,999"
REDMI,6,64,Note 8 Pro,6.53,Full HD+,4500,20,76,16.5862,MediaTek Helio G90T,"₹16,999"
Redmi,6,64,Note 7 Pro,6.3,Full HD+,4000,13,66,16.002,Qualcomm Snapdragon 675,"₹16,999"
Redmi,6,64,Note 7 Pro,6.3,Full HD+,4000,13,53,16.002,Qualcomm Snapdragon 675,"₹16,999"
Redmi,6,64,Note 5 Pro,5.99,Full HD+,4000,20,17,15.2146,Qualcomm Snapdragon 636,"₹16,999"
realme,6,64,Narzo 30 Pro 5G,6.5,Full HD+,5000,16,58,16.51,MediaTek Dimensity 800U,"₹16,999"
Redmi,6,64,Note 5 Pro,5.99,Full HD+,4000,20,17,15.2146,Qualcomm Snapdragon 636,"₹16,999"
MOTOROLA,8,128,g73 5G,6.5,Full HD+,5000,16,58,16.51,Mediatek Dimensity 930,"₹16,999"
REDMI,6,128,Note 10S,6.43,Full HD+,5000,13,76,16.3322,Mediatek Helio G95,"₹16,990"
OPPO,4,64,A16,6.52,Normal,5000,13,13,16.5608,MediaTek Helio G35,"₹16,990"
SAMSUNG,6,128,Galaxy M32 Prime Edition,6.4,Normal,6000,64,64,16.256,,"₹16,990"
vivo,4,64,Y21A,6.51,Normal,5000,16,15,16.5354,Mediatek Helio P22,"₹16,990"
vivo,4,64,T1X,6.58,Full HD+,5000,8,52,16.7132,Qualcomm Snapdragon 680,"₹16,990"
vivo,4,64,T1X,6.58,Full HD+,5000,8,52,16.7132,Qualcomm Snapdragon 680,"₹16,990"
realme,6,64,7,6.5,Full HD+,5000,16,76,16.51,MediaTek Helio G95,"₹16,980"
SAMSUNG,6,128,Galaxy M33 5G,6.6,Normal,6000,50,50,16.764,,"₹16,945"
SAMSUNG,4,128,Galaxy A13,6.6,Full HD+,5000,8,59,16.764,Exynos Octa Core,"₹16,890"
IQOO,6,128,Z6 Lite 5G,6.68,Normal,5000,50,50,16.9672,,"₹16,799"
Mi,6,128,A3,6.08,Normal,4030,32,58,15.4432,Qualcomm Snapdragon 665,"₹16,599"
SAMSUNG,4,64,Galaxy A14 5G,6.6,Normal,5000,13,52,16.764,SEC S5E8535 (Exynos 1330),"₹16,499"
SAMSUNG,4,64,Galaxy A14 5G,6.6,Normal,5000,13,52,16.764,SEC S5E8535 (Exynos 1330),"₹16,499"
SAMSUNG,4,64,Galaxy A14 5G,6.6,Normal,5000,13,52,16.764,SEC S5E8535 (Exynos 1330),"₹16,499"
POCO,6,64,X4 Pro 5G,6.67,Full HD+,5000,16,74,16.9418,Qualcomm Snapdragon 695 5G,"₹16,499"
SAMSUNG,4,64,Galaxy A14 5G,6.6,Normal,5000,13,52,16.764,SEC S5E8535 (Exynos 1330),"₹16,499"
POCO,6,64,X4 Pro 5G,6.67,Full HD+,5000,16,74,16.9418,Qualcomm Snapdragon 695 5G,"₹16,499"
realme,4,128,8 5G,6.5,Full HD+,5000,16,52,16.51,MediaTek Dimensity 700 (MT6833),"₹16,499"
SAMSUNG,6,128,Galaxy A13,6.6,Full HD+,5000,8,59,16.764,Exynos Octa Core,"₹16,499"
MOTOROLA,8,128,G62 5G,6.55,Full HD+,5000,16,60,16.637,Qualcomm Snapdragon 695 5G,"₹16,499"
SAMSUNG,6,128,Galaxy A13,6.6,Full HD+,5000,8,59,16.764,Exynos Octa Core,"₹16,499"
IQOO,6,128,Z6 Lite 5G,6.68,Normal,5000,50,50,16.9672,,"₹16,499"
MOTOROLA,8,128,G62 5G,6.55,Full HD+,5000,16,60,16.637,Qualcomm Snapdragon 695 5G,"₹16,499"
POCO,6,128,M4 Pro,6.43,Full HD+,5000,16,74,16.3322,Mediatek Helio G96,"₹16,499"
OPPO,6,128,A76,6.56,Normal,5000,8,15,16.6624,Qualcomm Snapdragon 680,"₹16,490"
OPPO,6,128,A76,6.56,Normal,5000,8,15,16.6624,Qualcomm Snapdragon 680,"₹16,490"
REDMI,6,128,Note 11S,6.43,Normal,5000,108,108,16.3322,,"₹16,450"
vivo,8,128,Y33s,6.58,Full HD+,5000,16,54,16.7132,MediaTek Helio G80,"₹16,350"
SAMSUNG,6,128,Galaxy A13,6.6,Full HD+,5000,8,59,16.764,Exynos Octa Core,"₹16,299"
Nokia,3,16,5,5.2,Normal,3000,13,13,13.208,Qualcomm Snapdragon 430,"₹16,199"
Redmi,4,64,Note 7 Pro,6.3,Full HD+,4000,13,53,16.002,Qualcomm Snapdragon 675,"₹15,999"
Redmi,4,64,Note 7 Pro,6.3,Full HD+,4000,13,53,16.002,Qualcomm Snapdragon 675,"₹15,999"
Redmi,4,64,Note 7 Pro,6.3,Full HD+,4000,13,53,16.002,Qualcomm Snapdragon 675,"₹15,999"
Infinix,8,128,Note 12 Pro 5G,6.7,Full HD+,5000,16,112,17.018,Mediatek Dimensity 810 5G,"₹15,999"
REDMI,4,64,11 Prime 5G,6.58,Normal,5000,50,50,16.7132,,"₹15,999"
